/*
 Navicat Premium Data Transfer

 Source Server         : localhost
 Source Server Type    : MySQL
 Source Server Version : 80100
 Source Host           : localhost:3306
 Source Schema         : yx_tpl

 Target Server Type    : MySQL
 Target Server Version : 80100
 File Encoding         : 65001

 Date: 21/02/2024 17:44:22
*/

SET NAMES utf8mb4;
SET FOREIGN_KEY_CHECKS = 0;

-- ----------------------------
-- Table structure for yx_sys_dict
-- ----------------------------
DROP TABLE IF EXISTS `yx_sys_dict`;
CREATE TABLE `yx_sys_dict`  (
  `id` int NOT NULL AUTO_INCREMENT COMMENT '主键',
  `dict` varchar(255) CHARACTER SET utf8mb4 COLLATE utf8mb4_general_ci NULL DEFAULT NULL COMMENT '字典代码',
  `label` varchar(255) CHARACTER SET utf8mb4 COLLATE utf8mb4_general_ci NULL DEFAULT NULL COMMENT 'lable',
  `value` varchar(255) CHARACTER SET utf8mb4 COLLATE utf8mb4_general_ci NULL DEFAULT NULL COMMENT 'value',
  PRIMARY KEY (`id`) USING BTREE
) ENGINE = InnoDB AUTO_INCREMENT = 11 CHARACTER SET = utf8mb4 COLLATE = utf8mb4_general_ci ROW_FORMAT = Dynamic;

-- ----------------------------
-- Records of yx_sys_dict
-- ----------------------------
INSERT INTO `yx_sys_dict` VALUES (1, 'y_n', '是', '1');
INSERT INTO `yx_sys_dict` VALUES (2, 'y_n', '否', '0');
INSERT INTO `yx_sys_dict` VALUES (3, 'menu_type', '目录', '0');
INSERT INTO `yx_sys_dict` VALUES (4, 'menu_type', '菜单', '1');
INSERT INTO `yx_sys_dict` VALUES (5, 'menu_type', '按钮', '2');
INSERT INTO `yx_sys_dict` VALUES (6, 'user_status', '活动', '1');
INSERT INTO `yx_sys_dict` VALUES (7, 'user_status', '禁用', '0');
INSERT INTO `yx_sys_dict` VALUES (8, 'user_role', 'Admin', '1');
INSERT INTO `yx_sys_dict` VALUES (9, 'user_role', 'Editor', '2');
INSERT INTO `yx_sys_dict` VALUES (10, 'user_role', 'Viewer', '3');

-- ----------------------------
-- Table structure for yx_sys_menu
-- ----------------------------
DROP TABLE IF EXISTS `yx_sys_menu`;
CREATE TABLE `yx_sys_menu`  (
  `id` int NOT NULL AUTO_INCREMENT COMMENT '主键ID，自增',
  `parent_id` int NULL DEFAULT NULL COMMENT '父菜单ID，顶级菜单为NULL',
  `title` varchar(255) CHARACTER SET utf8mb4 COLLATE utf8mb4_0900_ai_ci NULL DEFAULT NULL COMMENT '菜单标题',
  `icon` varchar(255) CHARACTER SET utf8mb4 COLLATE utf8mb4_0900_ai_ci NULL DEFAULT NULL COMMENT '菜单图标',
  `path` varchar(255) CHARACTER SET utf8mb4 COLLATE utf8mb4_0900_ai_ci NULL DEFAULT NULL COMMENT '菜单路由路径',
  `name` varchar(255) CHARACTER SET utf8mb4 COLLATE utf8mb4_0900_ai_ci NULL DEFAULT NULL COMMENT '路由name',
  `type` varchar(255) CHARACTER SET utf8mb4 COLLATE utf8mb4_0900_ai_ci NULL DEFAULT NULL COMMENT '类型   0：目录   1：菜单   2：按钮',
  `component` varchar(255) CHARACTER SET utf8mb4 COLLATE utf8mb4_0900_ai_ci NULL DEFAULT NULL COMMENT '前端Vue组件路径',
  `order_num` int NULL DEFAULT 0 COMMENT '菜单排序顺序',
  `visible` tinyint(1) NULL DEFAULT 1 COMMENT '菜单是否可见, 1为可见，0为不可见',
  `permission` varchar(255) CHARACTER SET utf8mb4 COLLATE utf8mb4_0900_ai_ci NULL DEFAULT NULL COMMENT '权限标识，用于权限控制',
  `is_keep_alive` tinyint(1) NULL DEFAULT NULL COMMENT '当前路由是否缓存 0：否 1：是',
  `redirect` varchar(255) CHARACTER SET utf8mb4 COLLATE utf8mb4_0900_ai_ci NULL DEFAULT NULL COMMENT '路由重定向地址',
  `is_full` tinyint(1) NULL DEFAULT NULL COMMENT '是否全屏',
  PRIMARY KEY (`id`) USING BTREE COMMENT '主键'
) ENGINE = InnoDB AUTO_INCREMENT = 61 CHARACTER SET = utf8mb4 COLLATE = utf8mb4_0900_ai_ci COMMENT = '后台管理系统动态菜单表' ROW_FORMAT = Dynamic;

-- ----------------------------
-- Records of yx_sys_menu
-- ----------------------------
INSERT INTO `yx_sys_menu` VALUES (1, NULL, '首页', 'HomeFilled', '/home/index', 'home', '0', '/home/index', 1, 1, '', NULL, '', 0);
INSERT INTO `yx_sys_menu` VALUES (3, NULL, '用户管理', 'User', '/users', 'user', '0', '/home/index', 2, 1, '', NULL, '/users/list', 0);
INSERT INTO `yx_sys_menu` VALUES (4, 4, '我是按钮1', '', '/anniu', 'anniu', '2', '/anniu', 1, 1, '', 0, '', 0);
INSERT INTO `yx_sys_menu` VALUES (7, 11, '组织架构', 'FolderOpened', '/system/permission', 'permission', '0', '/system/permission', 1, 1, '', 0, '', 0);
INSERT INTO `yx_sys_menu` VALUES (9, 11, '个人设置', 'Apple', '/settings/personal', 'personal', '1', '/PersonalSettings', 2, 1, 'settings:personal:view', NULL, NULL, 0);
INSERT INTO `yx_sys_menu` VALUES (10, 9, '修改密码', 'BellFilled', '/setings/updatepwd', 'updatepwd', '2', '/setings/updatepwd', NULL, 0, 'settings:password:change', 0, NULL, 0);
INSERT INTO `yx_sys_menu` VALUES (11, NULL, '系统', 'SetUp', '/system/setting', 'setting', '0', '/system/setting', 1, 1, '', 0, '', 0);
INSERT INTO `yx_sys_menu` VALUES (12, 11, '菜单管理', 'Avatar', '/system/menu', 'menu', '1', '/system/menu/index', 0, 1, NULL, 0, NULL, 0);
INSERT INTO `yx_sys_menu` VALUES (55, 54, '我是按钮1', 'Bicycle', '/anniu', 'anniu', '1', '/anniu', 1, 1, '', 0, '', 0);
INSERT INTO `yx_sys_menu` VALUES (56, 55, '奥列利', '', 'dd', 'dd', '2', 'dd', 1, 1, 'dd', 0, '', 0);
INSERT INTO `yx_sys_menu` VALUES (58, 57, '阿里郎2', 'BrushFilled', '23', '23', '1', '232', 1, 1, '', 0, '', 0);
INSERT INTO `yx_sys_menu` VALUES (59, 3, '用户列表', 'Avatar', '/user-manage/user', 'user', '1', '/user-manage/user/index', 1, 1, '', 1, '', 0);
INSERT INTO `yx_sys_menu` VALUES (60, NULL, '个人中心', 'Avatar', '/account/center', 'center', '0', '/account/center/index', 1, 0, '', 0, '', 0);

-- ----------------------------
-- Table structure for yx_sys_role_menu_permissions
-- ----------------------------
DROP TABLE IF EXISTS `yx_sys_role_menu_permissions`;
CREATE TABLE `yx_sys_role_menu_permissions`  (
  `role_id` int NOT NULL COMMENT '角色ID',
  `menu_id` int NOT NULL COMMENT '菜单ID',
  `permission` varchar(255) CHARACTER SET utf8mb4 COLLATE utf8mb4_0900_ai_ci NULL DEFAULT NULL COMMENT '具体的权限标识',
  PRIMARY KEY (`role_id`, `menu_id`) USING BTREE COMMENT '复合主键',
  INDEX `fk_role_menu_menu_id`(`menu_id` ASC) USING BTREE,
  CONSTRAINT `fk_role_menu_menu_id` FOREIGN KEY (`menu_id`) REFERENCES `yx_sys_menu` (`id`) ON DELETE CASCADE ON UPDATE RESTRICT,
  CONSTRAINT `fk_role_menu_role_id` FOREIGN KEY (`role_id`) REFERENCES `yx_sys_roles` (`id`) ON DELETE CASCADE ON UPDATE RESTRICT
) ENGINE = InnoDB CHARACTER SET = utf8mb4 COLLATE = utf8mb4_0900_ai_ci COMMENT = '角色与菜单权限关联表' ROW_FORMAT = Dynamic;

-- ----------------------------
-- Records of yx_sys_role_menu_permissions
-- ----------------------------
INSERT INTO `yx_sys_role_menu_permissions` VALUES (1, 1, NULL);
INSERT INTO `yx_sys_role_menu_permissions` VALUES (1, 4, NULL);
INSERT INTO `yx_sys_role_menu_permissions` VALUES (1, 9, NULL);
INSERT INTO `yx_sys_role_menu_permissions` VALUES (1, 10, NULL);

-- ----------------------------
-- Table structure for yx_sys_roles
-- ----------------------------
DROP TABLE IF EXISTS `yx_sys_roles`;
CREATE TABLE `yx_sys_roles`  (
  `id` int NOT NULL AUTO_INCREMENT COMMENT '角色ID，主键自增',
  `name` varchar(255) CHARACTER SET utf8mb4 COLLATE utf8mb4_0900_ai_ci NOT NULL COMMENT '角色名',
  `description` text CHARACTER SET utf8mb4 COLLATE utf8mb4_0900_ai_ci NULL COMMENT '角色描述',
  `create_time` datetime NULL DEFAULT CURRENT_TIMESTAMP COMMENT '角色创建时间',
  `update_time` datetime NULL DEFAULT CURRENT_TIMESTAMP ON UPDATE CURRENT_TIMESTAMP COMMENT '最后更新时间',
  PRIMARY KEY (`id`) USING BTREE COMMENT '主键'
) ENGINE = InnoDB AUTO_INCREMENT = 4 CHARACTER SET = utf8mb4 COLLATE = utf8mb4_0900_ai_ci COMMENT = '角色信息表' ROW_FORMAT = Dynamic;

-- ----------------------------
-- Records of yx_sys_roles
-- ----------------------------
INSERT INTO `yx_sys_roles` VALUES (1, 'Admin', '系统管理员拥有所有权限', '2024-01-26 09:59:56', '2024-01-26 09:59:56');
INSERT INTO `yx_sys_roles` VALUES (2, 'Editor', '编辑可以发布和编辑文章', '2024-01-26 09:59:56', '2024-01-26 09:59:56');
INSERT INTO `yx_sys_roles` VALUES (3, 'Viewer', '查看者只能查看数据', '2024-01-26 09:59:56', '2024-01-26 09:59:56');

-- ----------------------------
-- Table structure for yx_sys_user_roles
-- ----------------------------
DROP TABLE IF EXISTS `yx_sys_user_roles`;
CREATE TABLE `yx_sys_user_roles`  (
  `user_id` int NOT NULL COMMENT '用户ID',
  `role_id` int NOT NULL COMMENT '角色ID',
  PRIMARY KEY (`user_id`, `role_id`) USING BTREE COMMENT '复合主键',
  INDEX `fk_user_role_role_id`(`role_id` ASC) USING BTREE,
  CONSTRAINT `fk_user_role_role_id` FOREIGN KEY (`role_id`) REFERENCES `yx_sys_roles` (`id`) ON DELETE CASCADE ON UPDATE RESTRICT,
  CONSTRAINT `fk_user_role_user_id` FOREIGN KEY (`user_id`) REFERENCES `yx_sys_users` (`id`) ON DELETE CASCADE ON UPDATE RESTRICT
) ENGINE = InnoDB CHARACTER SET = utf8mb4 COLLATE = utf8mb4_0900_ai_ci COMMENT = '用户与角色关联表' ROW_FORMAT = Dynamic;

-- ----------------------------
-- Records of yx_sys_user_roles
-- ----------------------------
INSERT INTO `yx_sys_user_roles` VALUES (1, 1);
INSERT INTO `yx_sys_user_roles` VALUES (16, 1);
INSERT INTO `yx_sys_user_roles` VALUES (23, 1);
INSERT INTO `yx_sys_user_roles` VALUES (26, 1);
INSERT INTO `yx_sys_user_roles` VALUES (27, 1);
INSERT INTO `yx_sys_user_roles` VALUES (40, 1);
INSERT INTO `yx_sys_user_roles` VALUES (43, 1);
INSERT INTO `yx_sys_user_roles` VALUES (44, 1);
INSERT INTO `yx_sys_user_roles` VALUES (46, 1);
INSERT INTO `yx_sys_user_roles` VALUES (64, 1);
INSERT INTO `yx_sys_user_roles` VALUES (65, 1);
INSERT INTO `yx_sys_user_roles` VALUES (72, 1);
INSERT INTO `yx_sys_user_roles` VALUES (75, 1);
INSERT INTO `yx_sys_user_roles` VALUES (76, 1);
INSERT INTO `yx_sys_user_roles` VALUES (80, 1);
INSERT INTO `yx_sys_user_roles` VALUES (85, 1);
INSERT INTO `yx_sys_user_roles` VALUES (87, 1);
INSERT INTO `yx_sys_user_roles` VALUES (93, 1);
INSERT INTO `yx_sys_user_roles` VALUES (96, 1);
INSERT INTO `yx_sys_user_roles` VALUES (99, 1);
INSERT INTO `yx_sys_user_roles` VALUES (101, 1);
INSERT INTO `yx_sys_user_roles` VALUES (102, 1);
INSERT INTO `yx_sys_user_roles` VALUES (105, 1);
INSERT INTO `yx_sys_user_roles` VALUES (107, 1);
INSERT INTO `yx_sys_user_roles` VALUES (112, 1);
INSERT INTO `yx_sys_user_roles` VALUES (114, 1);
INSERT INTO `yx_sys_user_roles` VALUES (116, 1);
INSERT INTO `yx_sys_user_roles` VALUES (121, 1);
INSERT INTO `yx_sys_user_roles` VALUES (123, 1);
INSERT INTO `yx_sys_user_roles` VALUES (129, 1);
INSERT INTO `yx_sys_user_roles` VALUES (133, 1);
INSERT INTO `yx_sys_user_roles` VALUES (135, 1);
INSERT INTO `yx_sys_user_roles` VALUES (136, 1);
INSERT INTO `yx_sys_user_roles` VALUES (137, 1);
INSERT INTO `yx_sys_user_roles` VALUES (138, 1);
INSERT INTO `yx_sys_user_roles` VALUES (142, 1);
INSERT INTO `yx_sys_user_roles` VALUES (145, 1);
INSERT INTO `yx_sys_user_roles` VALUES (146, 1);
INSERT INTO `yx_sys_user_roles` VALUES (150, 1);
INSERT INTO `yx_sys_user_roles` VALUES (156, 1);
INSERT INTO `yx_sys_user_roles` VALUES (168, 1);
INSERT INTO `yx_sys_user_roles` VALUES (171, 1);
INSERT INTO `yx_sys_user_roles` VALUES (174, 1);
INSERT INTO `yx_sys_user_roles` VALUES (175, 1);
INSERT INTO `yx_sys_user_roles` VALUES (176, 1);
INSERT INTO `yx_sys_user_roles` VALUES (177, 1);
INSERT INTO `yx_sys_user_roles` VALUES (178, 1);
INSERT INTO `yx_sys_user_roles` VALUES (181, 1);
INSERT INTO `yx_sys_user_roles` VALUES (188, 1);
INSERT INTO `yx_sys_user_roles` VALUES (189, 1);
INSERT INTO `yx_sys_user_roles` VALUES (190, 1);
INSERT INTO `yx_sys_user_roles` VALUES (207, 1);
INSERT INTO `yx_sys_user_roles` VALUES (208, 1);
INSERT INTO `yx_sys_user_roles` VALUES (213, 1);
INSERT INTO `yx_sys_user_roles` VALUES (219, 1);
INSERT INTO `yx_sys_user_roles` VALUES (220, 1);
INSERT INTO `yx_sys_user_roles` VALUES (225, 1);
INSERT INTO `yx_sys_user_roles` VALUES (228, 1);
INSERT INTO `yx_sys_user_roles` VALUES (230, 1);
INSERT INTO `yx_sys_user_roles` VALUES (231, 1);
INSERT INTO `yx_sys_user_roles` VALUES (236, 1);
INSERT INTO `yx_sys_user_roles` VALUES (244, 1);
INSERT INTO `yx_sys_user_roles` VALUES (245, 1);
INSERT INTO `yx_sys_user_roles` VALUES (248, 1);
INSERT INTO `yx_sys_user_roles` VALUES (249, 1);
INSERT INTO `yx_sys_user_roles` VALUES (254, 1);
INSERT INTO `yx_sys_user_roles` VALUES (256, 1);
INSERT INTO `yx_sys_user_roles` VALUES (257, 1);
INSERT INTO `yx_sys_user_roles` VALUES (260, 1);
INSERT INTO `yx_sys_user_roles` VALUES (261, 1);
INSERT INTO `yx_sys_user_roles` VALUES (272, 1);
INSERT INTO `yx_sys_user_roles` VALUES (273, 1);
INSERT INTO `yx_sys_user_roles` VALUES (274, 1);
INSERT INTO `yx_sys_user_roles` VALUES (275, 1);
INSERT INTO `yx_sys_user_roles` VALUES (278, 1);
INSERT INTO `yx_sys_user_roles` VALUES (279, 1);
INSERT INTO `yx_sys_user_roles` VALUES (280, 1);
INSERT INTO `yx_sys_user_roles` VALUES (284, 1);
INSERT INTO `yx_sys_user_roles` VALUES (285, 1);
INSERT INTO `yx_sys_user_roles` VALUES (286, 1);
INSERT INTO `yx_sys_user_roles` VALUES (287, 1);
INSERT INTO `yx_sys_user_roles` VALUES (290, 1);
INSERT INTO `yx_sys_user_roles` VALUES (292, 1);
INSERT INTO `yx_sys_user_roles` VALUES (293, 1);
INSERT INTO `yx_sys_user_roles` VALUES (302, 1);
INSERT INTO `yx_sys_user_roles` VALUES (306, 1);
INSERT INTO `yx_sys_user_roles` VALUES (307, 1);
INSERT INTO `yx_sys_user_roles` VALUES (308, 1);
INSERT INTO `yx_sys_user_roles` VALUES (309, 1);
INSERT INTO `yx_sys_user_roles` VALUES (314, 1);
INSERT INTO `yx_sys_user_roles` VALUES (320, 1);
INSERT INTO `yx_sys_user_roles` VALUES (323, 1);
INSERT INTO `yx_sys_user_roles` VALUES (324, 1);
INSERT INTO `yx_sys_user_roles` VALUES (327, 1);
INSERT INTO `yx_sys_user_roles` VALUES (333, 1);
INSERT INTO `yx_sys_user_roles` VALUES (334, 1);
INSERT INTO `yx_sys_user_roles` VALUES (338, 1);
INSERT INTO `yx_sys_user_roles` VALUES (340, 1);
INSERT INTO `yx_sys_user_roles` VALUES (344, 1);
INSERT INTO `yx_sys_user_roles` VALUES (345, 1);
INSERT INTO `yx_sys_user_roles` VALUES (346, 1);
INSERT INTO `yx_sys_user_roles` VALUES (349, 1);
INSERT INTO `yx_sys_user_roles` VALUES (350, 1);
INSERT INTO `yx_sys_user_roles` VALUES (351, 1);
INSERT INTO `yx_sys_user_roles` VALUES (352, 1);
INSERT INTO `yx_sys_user_roles` VALUES (353, 1);
INSERT INTO `yx_sys_user_roles` VALUES (354, 1);
INSERT INTO `yx_sys_user_roles` VALUES (358, 1);
INSERT INTO `yx_sys_user_roles` VALUES (376, 1);
INSERT INTO `yx_sys_user_roles` VALUES (380, 1);
INSERT INTO `yx_sys_user_roles` VALUES (384, 1);
INSERT INTO `yx_sys_user_roles` VALUES (387, 1);
INSERT INTO `yx_sys_user_roles` VALUES (398, 1);
INSERT INTO `yx_sys_user_roles` VALUES (400, 1);
INSERT INTO `yx_sys_user_roles` VALUES (401, 1);
INSERT INTO `yx_sys_user_roles` VALUES (403, 1);
INSERT INTO `yx_sys_user_roles` VALUES (406, 1);
INSERT INTO `yx_sys_user_roles` VALUES (410, 1);
INSERT INTO `yx_sys_user_roles` VALUES (413, 1);
INSERT INTO `yx_sys_user_roles` VALUES (416, 1);
INSERT INTO `yx_sys_user_roles` VALUES (417, 1);
INSERT INTO `yx_sys_user_roles` VALUES (422, 1);
INSERT INTO `yx_sys_user_roles` VALUES (424, 1);
INSERT INTO `yx_sys_user_roles` VALUES (428, 1);
INSERT INTO `yx_sys_user_roles` VALUES (430, 1);
INSERT INTO `yx_sys_user_roles` VALUES (436, 1);
INSERT INTO `yx_sys_user_roles` VALUES (437, 1);
INSERT INTO `yx_sys_user_roles` VALUES (439, 1);
INSERT INTO `yx_sys_user_roles` VALUES (440, 1);
INSERT INTO `yx_sys_user_roles` VALUES (442, 1);
INSERT INTO `yx_sys_user_roles` VALUES (444, 1);
INSERT INTO `yx_sys_user_roles` VALUES (445, 1);
INSERT INTO `yx_sys_user_roles` VALUES (450, 1);
INSERT INTO `yx_sys_user_roles` VALUES (454, 1);
INSERT INTO `yx_sys_user_roles` VALUES (459, 1);
INSERT INTO `yx_sys_user_roles` VALUES (460, 1);
INSERT INTO `yx_sys_user_roles` VALUES (462, 1);
INSERT INTO `yx_sys_user_roles` VALUES (463, 1);
INSERT INTO `yx_sys_user_roles` VALUES (465, 1);
INSERT INTO `yx_sys_user_roles` VALUES (466, 1);
INSERT INTO `yx_sys_user_roles` VALUES (467, 1);
INSERT INTO `yx_sys_user_roles` VALUES (472, 1);
INSERT INTO `yx_sys_user_roles` VALUES (475, 1);
INSERT INTO `yx_sys_user_roles` VALUES (479, 1);
INSERT INTO `yx_sys_user_roles` VALUES (480, 1);
INSERT INTO `yx_sys_user_roles` VALUES (482, 1);
INSERT INTO `yx_sys_user_roles` VALUES (483, 1);
INSERT INTO `yx_sys_user_roles` VALUES (490, 1);
INSERT INTO `yx_sys_user_roles` VALUES (491, 1);
INSERT INTO `yx_sys_user_roles` VALUES (496, 1);
INSERT INTO `yx_sys_user_roles` VALUES (500, 1);
INSERT INTO `yx_sys_user_roles` VALUES (506, 1);
INSERT INTO `yx_sys_user_roles` VALUES (509, 1);
INSERT INTO `yx_sys_user_roles` VALUES (511, 1);
INSERT INTO `yx_sys_user_roles` VALUES (512, 1);
INSERT INTO `yx_sys_user_roles` VALUES (513, 1);
INSERT INTO `yx_sys_user_roles` VALUES (517, 1);
INSERT INTO `yx_sys_user_roles` VALUES (518, 1);
INSERT INTO `yx_sys_user_roles` VALUES (520, 1);
INSERT INTO `yx_sys_user_roles` VALUES (521, 1);
INSERT INTO `yx_sys_user_roles` VALUES (526, 1);
INSERT INTO `yx_sys_user_roles` VALUES (528, 1);
INSERT INTO `yx_sys_user_roles` VALUES (529, 1);
INSERT INTO `yx_sys_user_roles` VALUES (530, 1);
INSERT INTO `yx_sys_user_roles` VALUES (531, 1);
INSERT INTO `yx_sys_user_roles` VALUES (532, 1);
INSERT INTO `yx_sys_user_roles` VALUES (533, 1);
INSERT INTO `yx_sys_user_roles` VALUES (539, 1);
INSERT INTO `yx_sys_user_roles` VALUES (542, 1);
INSERT INTO `yx_sys_user_roles` VALUES (543, 1);
INSERT INTO `yx_sys_user_roles` VALUES (547, 1);
INSERT INTO `yx_sys_user_roles` VALUES (551, 1);
INSERT INTO `yx_sys_user_roles` VALUES (558, 1);
INSERT INTO `yx_sys_user_roles` VALUES (561, 1);
INSERT INTO `yx_sys_user_roles` VALUES (563, 1);
INSERT INTO `yx_sys_user_roles` VALUES (567, 1);
INSERT INTO `yx_sys_user_roles` VALUES (569, 1);
INSERT INTO `yx_sys_user_roles` VALUES (573, 1);
INSERT INTO `yx_sys_user_roles` VALUES (588, 1);
INSERT INTO `yx_sys_user_roles` VALUES (596, 1);
INSERT INTO `yx_sys_user_roles` VALUES (600, 1);
INSERT INTO `yx_sys_user_roles` VALUES (609, 1);
INSERT INTO `yx_sys_user_roles` VALUES (611, 1);
INSERT INTO `yx_sys_user_roles` VALUES (613, 1);
INSERT INTO `yx_sys_user_roles` VALUES (614, 1);
INSERT INTO `yx_sys_user_roles` VALUES (615, 1);
INSERT INTO `yx_sys_user_roles` VALUES (620, 1);
INSERT INTO `yx_sys_user_roles` VALUES (621, 1);
INSERT INTO `yx_sys_user_roles` VALUES (625, 1);
INSERT INTO `yx_sys_user_roles` VALUES (630, 1);
INSERT INTO `yx_sys_user_roles` VALUES (633, 1);
INSERT INTO `yx_sys_user_roles` VALUES (634, 1);
INSERT INTO `yx_sys_user_roles` VALUES (636, 1);
INSERT INTO `yx_sys_user_roles` VALUES (638, 1);
INSERT INTO `yx_sys_user_roles` VALUES (643, 1);
INSERT INTO `yx_sys_user_roles` VALUES (645, 1);
INSERT INTO `yx_sys_user_roles` VALUES (647, 1);
INSERT INTO `yx_sys_user_roles` VALUES (652, 1);
INSERT INTO `yx_sys_user_roles` VALUES (656, 1);
INSERT INTO `yx_sys_user_roles` VALUES (657, 1);
INSERT INTO `yx_sys_user_roles` VALUES (660, 1);
INSERT INTO `yx_sys_user_roles` VALUES (663, 1);
INSERT INTO `yx_sys_user_roles` VALUES (665, 1);
INSERT INTO `yx_sys_user_roles` VALUES (669, 1);
INSERT INTO `yx_sys_user_roles` VALUES (671, 1);
INSERT INTO `yx_sys_user_roles` VALUES (673, 1);
INSERT INTO `yx_sys_user_roles` VALUES (678, 1);
INSERT INTO `yx_sys_user_roles` VALUES (682, 1);
INSERT INTO `yx_sys_user_roles` VALUES (690, 1);
INSERT INTO `yx_sys_user_roles` VALUES (696, 1);
INSERT INTO `yx_sys_user_roles` VALUES (697, 1);
INSERT INTO `yx_sys_user_roles` VALUES (698, 1);
INSERT INTO `yx_sys_user_roles` VALUES (701, 1);
INSERT INTO `yx_sys_user_roles` VALUES (704, 1);
INSERT INTO `yx_sys_user_roles` VALUES (707, 1);
INSERT INTO `yx_sys_user_roles` VALUES (714, 1);
INSERT INTO `yx_sys_user_roles` VALUES (715, 1);
INSERT INTO `yx_sys_user_roles` VALUES (716, 1);
INSERT INTO `yx_sys_user_roles` VALUES (719, 1);
INSERT INTO `yx_sys_user_roles` VALUES (722, 1);
INSERT INTO `yx_sys_user_roles` VALUES (728, 1);
INSERT INTO `yx_sys_user_roles` VALUES (731, 1);
INSERT INTO `yx_sys_user_roles` VALUES (732, 1);
INSERT INTO `yx_sys_user_roles` VALUES (733, 1);
INSERT INTO `yx_sys_user_roles` VALUES (736, 1);
INSERT INTO `yx_sys_user_roles` VALUES (738, 1);
INSERT INTO `yx_sys_user_roles` VALUES (740, 1);
INSERT INTO `yx_sys_user_roles` VALUES (741, 1);
INSERT INTO `yx_sys_user_roles` VALUES (742, 1);
INSERT INTO `yx_sys_user_roles` VALUES (743, 1);
INSERT INTO `yx_sys_user_roles` VALUES (744, 1);
INSERT INTO `yx_sys_user_roles` VALUES (748, 1);
INSERT INTO `yx_sys_user_roles` VALUES (749, 1);
INSERT INTO `yx_sys_user_roles` VALUES (750, 1);
INSERT INTO `yx_sys_user_roles` VALUES (751, 1);
INSERT INTO `yx_sys_user_roles` VALUES (752, 1);
INSERT INTO `yx_sys_user_roles` VALUES (754, 1);
INSERT INTO `yx_sys_user_roles` VALUES (755, 1);
INSERT INTO `yx_sys_user_roles` VALUES (756, 1);
INSERT INTO `yx_sys_user_roles` VALUES (761, 1);
INSERT INTO `yx_sys_user_roles` VALUES (762, 1);
INSERT INTO `yx_sys_user_roles` VALUES (763, 1);
INSERT INTO `yx_sys_user_roles` VALUES (771, 1);
INSERT INTO `yx_sys_user_roles` VALUES (773, 1);
INSERT INTO `yx_sys_user_roles` VALUES (774, 1);
INSERT INTO `yx_sys_user_roles` VALUES (775, 1);
INSERT INTO `yx_sys_user_roles` VALUES (782, 1);
INSERT INTO `yx_sys_user_roles` VALUES (790, 1);
INSERT INTO `yx_sys_user_roles` VALUES (791, 1);
INSERT INTO `yx_sys_user_roles` VALUES (795, 1);
INSERT INTO `yx_sys_user_roles` VALUES (796, 1);
INSERT INTO `yx_sys_user_roles` VALUES (798, 1);
INSERT INTO `yx_sys_user_roles` VALUES (800, 1);
INSERT INTO `yx_sys_user_roles` VALUES (802, 1);
INSERT INTO `yx_sys_user_roles` VALUES (804, 1);
INSERT INTO `yx_sys_user_roles` VALUES (808, 1);
INSERT INTO `yx_sys_user_roles` VALUES (813, 1);
INSERT INTO `yx_sys_user_roles` VALUES (816, 1);
INSERT INTO `yx_sys_user_roles` VALUES (821, 1);
INSERT INTO `yx_sys_user_roles` VALUES (822, 1);
INSERT INTO `yx_sys_user_roles` VALUES (827, 1);
INSERT INTO `yx_sys_user_roles` VALUES (831, 1);
INSERT INTO `yx_sys_user_roles` VALUES (832, 1);
INSERT INTO `yx_sys_user_roles` VALUES (835, 1);
INSERT INTO `yx_sys_user_roles` VALUES (836, 1);
INSERT INTO `yx_sys_user_roles` VALUES (838, 1);
INSERT INTO `yx_sys_user_roles` VALUES (839, 1);
INSERT INTO `yx_sys_user_roles` VALUES (851, 1);
INSERT INTO `yx_sys_user_roles` VALUES (853, 1);
INSERT INTO `yx_sys_user_roles` VALUES (857, 1);
INSERT INTO `yx_sys_user_roles` VALUES (858, 1);
INSERT INTO `yx_sys_user_roles` VALUES (859, 1);
INSERT INTO `yx_sys_user_roles` VALUES (861, 1);
INSERT INTO `yx_sys_user_roles` VALUES (864, 1);
INSERT INTO `yx_sys_user_roles` VALUES (874, 1);
INSERT INTO `yx_sys_user_roles` VALUES (877, 1);
INSERT INTO `yx_sys_user_roles` VALUES (878, 1);
INSERT INTO `yx_sys_user_roles` VALUES (880, 1);
INSERT INTO `yx_sys_user_roles` VALUES (882, 1);
INSERT INTO `yx_sys_user_roles` VALUES (886, 1);
INSERT INTO `yx_sys_user_roles` VALUES (889, 1);
INSERT INTO `yx_sys_user_roles` VALUES (890, 1);
INSERT INTO `yx_sys_user_roles` VALUES (894, 1);
INSERT INTO `yx_sys_user_roles` VALUES (897, 1);
INSERT INTO `yx_sys_user_roles` VALUES (900, 1);
INSERT INTO `yx_sys_user_roles` VALUES (902, 1);
INSERT INTO `yx_sys_user_roles` VALUES (905, 1);
INSERT INTO `yx_sys_user_roles` VALUES (908, 1);
INSERT INTO `yx_sys_user_roles` VALUES (914, 1);
INSERT INTO `yx_sys_user_roles` VALUES (916, 1);
INSERT INTO `yx_sys_user_roles` VALUES (917, 1);
INSERT INTO `yx_sys_user_roles` VALUES (919, 1);
INSERT INTO `yx_sys_user_roles` VALUES (921, 1);
INSERT INTO `yx_sys_user_roles` VALUES (922, 1);
INSERT INTO `yx_sys_user_roles` VALUES (924, 1);
INSERT INTO `yx_sys_user_roles` VALUES (926, 1);
INSERT INTO `yx_sys_user_roles` VALUES (927, 1);
INSERT INTO `yx_sys_user_roles` VALUES (928, 1);
INSERT INTO `yx_sys_user_roles` VALUES (933, 1);
INSERT INTO `yx_sys_user_roles` VALUES (934, 1);
INSERT INTO `yx_sys_user_roles` VALUES (938, 1);
INSERT INTO `yx_sys_user_roles` VALUES (939, 1);
INSERT INTO `yx_sys_user_roles` VALUES (943, 1);
INSERT INTO `yx_sys_user_roles` VALUES (945, 1);
INSERT INTO `yx_sys_user_roles` VALUES (946, 1);
INSERT INTO `yx_sys_user_roles` VALUES (952, 1);
INSERT INTO `yx_sys_user_roles` VALUES (955, 1);
INSERT INTO `yx_sys_user_roles` VALUES (956, 1);
INSERT INTO `yx_sys_user_roles` VALUES (961, 1);
INSERT INTO `yx_sys_user_roles` VALUES (962, 1);
INSERT INTO `yx_sys_user_roles` VALUES (963, 1);
INSERT INTO `yx_sys_user_roles` VALUES (964, 1);
INSERT INTO `yx_sys_user_roles` VALUES (966, 1);
INSERT INTO `yx_sys_user_roles` VALUES (967, 1);
INSERT INTO `yx_sys_user_roles` VALUES (969, 1);
INSERT INTO `yx_sys_user_roles` VALUES (971, 1);
INSERT INTO `yx_sys_user_roles` VALUES (973, 1);
INSERT INTO `yx_sys_user_roles` VALUES (975, 1);
INSERT INTO `yx_sys_user_roles` VALUES (976, 1);
INSERT INTO `yx_sys_user_roles` VALUES (978, 1);
INSERT INTO `yx_sys_user_roles` VALUES (980, 1);
INSERT INTO `yx_sys_user_roles` VALUES (982, 1);
INSERT INTO `yx_sys_user_roles` VALUES (985, 1);
INSERT INTO `yx_sys_user_roles` VALUES (986, 1);
INSERT INTO `yx_sys_user_roles` VALUES (995, 1);
INSERT INTO `yx_sys_user_roles` VALUES (1006, 1);
INSERT INTO `yx_sys_user_roles` VALUES (1007, 1);
INSERT INTO `yx_sys_user_roles` VALUES (1009, 1);
INSERT INTO `yx_sys_user_roles` VALUES (7, 2);
INSERT INTO `yx_sys_user_roles` VALUES (10, 2);
INSERT INTO `yx_sys_user_roles` VALUES (14, 2);
INSERT INTO `yx_sys_user_roles` VALUES (20, 2);
INSERT INTO `yx_sys_user_roles` VALUES (21, 2);
INSERT INTO `yx_sys_user_roles` VALUES (25, 2);
INSERT INTO `yx_sys_user_roles` VALUES (28, 2);
INSERT INTO `yx_sys_user_roles` VALUES (29, 2);
INSERT INTO `yx_sys_user_roles` VALUES (31, 2);
INSERT INTO `yx_sys_user_roles` VALUES (36, 2);
INSERT INTO `yx_sys_user_roles` VALUES (42, 2);
INSERT INTO `yx_sys_user_roles` VALUES (48, 2);
INSERT INTO `yx_sys_user_roles` VALUES (55, 2);
INSERT INTO `yx_sys_user_roles` VALUES (56, 2);
INSERT INTO `yx_sys_user_roles` VALUES (57, 2);
INSERT INTO `yx_sys_user_roles` VALUES (58, 2);
INSERT INTO `yx_sys_user_roles` VALUES (61, 2);
INSERT INTO `yx_sys_user_roles` VALUES (63, 2);
INSERT INTO `yx_sys_user_roles` VALUES (69, 2);
INSERT INTO `yx_sys_user_roles` VALUES (70, 2);
INSERT INTO `yx_sys_user_roles` VALUES (71, 2);
INSERT INTO `yx_sys_user_roles` VALUES (78, 2);
INSERT INTO `yx_sys_user_roles` VALUES (79, 2);
INSERT INTO `yx_sys_user_roles` VALUES (81, 2);
INSERT INTO `yx_sys_user_roles` VALUES (83, 2);
INSERT INTO `yx_sys_user_roles` VALUES (84, 2);
INSERT INTO `yx_sys_user_roles` VALUES (86, 2);
INSERT INTO `yx_sys_user_roles` VALUES (89, 2);
INSERT INTO `yx_sys_user_roles` VALUES (91, 2);
INSERT INTO `yx_sys_user_roles` VALUES (94, 2);
INSERT INTO `yx_sys_user_roles` VALUES (95, 2);
INSERT INTO `yx_sys_user_roles` VALUES (109, 2);
INSERT INTO `yx_sys_user_roles` VALUES (113, 2);
INSERT INTO `yx_sys_user_roles` VALUES (117, 2);
INSERT INTO `yx_sys_user_roles` VALUES (118, 2);
INSERT INTO `yx_sys_user_roles` VALUES (119, 2);
INSERT INTO `yx_sys_user_roles` VALUES (120, 2);
INSERT INTO `yx_sys_user_roles` VALUES (124, 2);
INSERT INTO `yx_sys_user_roles` VALUES (128, 2);
INSERT INTO `yx_sys_user_roles` VALUES (130, 2);
INSERT INTO `yx_sys_user_roles` VALUES (131, 2);
INSERT INTO `yx_sys_user_roles` VALUES (132, 2);
INSERT INTO `yx_sys_user_roles` VALUES (134, 2);
INSERT INTO `yx_sys_user_roles` VALUES (139, 2);
INSERT INTO `yx_sys_user_roles` VALUES (140, 2);
INSERT INTO `yx_sys_user_roles` VALUES (143, 2);
INSERT INTO `yx_sys_user_roles` VALUES (147, 2);
INSERT INTO `yx_sys_user_roles` VALUES (149, 2);
INSERT INTO `yx_sys_user_roles` VALUES (151, 2);
INSERT INTO `yx_sys_user_roles` VALUES (153, 2);
INSERT INTO `yx_sys_user_roles` VALUES (154, 2);
INSERT INTO `yx_sys_user_roles` VALUES (157, 2);
INSERT INTO `yx_sys_user_roles` VALUES (158, 2);
INSERT INTO `yx_sys_user_roles` VALUES (160, 2);
INSERT INTO `yx_sys_user_roles` VALUES (161, 2);
INSERT INTO `yx_sys_user_roles` VALUES (162, 2);
INSERT INTO `yx_sys_user_roles` VALUES (163, 2);
INSERT INTO `yx_sys_user_roles` VALUES (164, 2);
INSERT INTO `yx_sys_user_roles` VALUES (165, 2);
INSERT INTO `yx_sys_user_roles` VALUES (166, 2);
INSERT INTO `yx_sys_user_roles` VALUES (167, 2);
INSERT INTO `yx_sys_user_roles` VALUES (170, 2);
INSERT INTO `yx_sys_user_roles` VALUES (172, 2);
INSERT INTO `yx_sys_user_roles` VALUES (179, 2);
INSERT INTO `yx_sys_user_roles` VALUES (180, 2);
INSERT INTO `yx_sys_user_roles` VALUES (184, 2);
INSERT INTO `yx_sys_user_roles` VALUES (187, 2);
INSERT INTO `yx_sys_user_roles` VALUES (193, 2);
INSERT INTO `yx_sys_user_roles` VALUES (194, 2);
INSERT INTO `yx_sys_user_roles` VALUES (199, 2);
INSERT INTO `yx_sys_user_roles` VALUES (203, 2);
INSERT INTO `yx_sys_user_roles` VALUES (204, 2);
INSERT INTO `yx_sys_user_roles` VALUES (205, 2);
INSERT INTO `yx_sys_user_roles` VALUES (211, 2);
INSERT INTO `yx_sys_user_roles` VALUES (212, 2);
INSERT INTO `yx_sys_user_roles` VALUES (216, 2);
INSERT INTO `yx_sys_user_roles` VALUES (221, 2);
INSERT INTO `yx_sys_user_roles` VALUES (222, 2);
INSERT INTO `yx_sys_user_roles` VALUES (229, 2);
INSERT INTO `yx_sys_user_roles` VALUES (232, 2);
INSERT INTO `yx_sys_user_roles` VALUES (234, 2);
INSERT INTO `yx_sys_user_roles` VALUES (237, 2);
INSERT INTO `yx_sys_user_roles` VALUES (239, 2);
INSERT INTO `yx_sys_user_roles` VALUES (240, 2);
INSERT INTO `yx_sys_user_roles` VALUES (241, 2);
INSERT INTO `yx_sys_user_roles` VALUES (247, 2);
INSERT INTO `yx_sys_user_roles` VALUES (250, 2);
INSERT INTO `yx_sys_user_roles` VALUES (252, 2);
INSERT INTO `yx_sys_user_roles` VALUES (253, 2);
INSERT INTO `yx_sys_user_roles` VALUES (255, 2);
INSERT INTO `yx_sys_user_roles` VALUES (258, 2);
INSERT INTO `yx_sys_user_roles` VALUES (259, 2);
INSERT INTO `yx_sys_user_roles` VALUES (262, 2);
INSERT INTO `yx_sys_user_roles` VALUES (266, 2);
INSERT INTO `yx_sys_user_roles` VALUES (267, 2);
INSERT INTO `yx_sys_user_roles` VALUES (269, 2);
INSERT INTO `yx_sys_user_roles` VALUES (276, 2);
INSERT INTO `yx_sys_user_roles` VALUES (283, 2);
INSERT INTO `yx_sys_user_roles` VALUES (288, 2);
INSERT INTO `yx_sys_user_roles` VALUES (294, 2);
INSERT INTO `yx_sys_user_roles` VALUES (295, 2);
INSERT INTO `yx_sys_user_roles` VALUES (298, 2);
INSERT INTO `yx_sys_user_roles` VALUES (305, 2);
INSERT INTO `yx_sys_user_roles` VALUES (312, 2);
INSERT INTO `yx_sys_user_roles` VALUES (313, 2);
INSERT INTO `yx_sys_user_roles` VALUES (315, 2);
INSERT INTO `yx_sys_user_roles` VALUES (316, 2);
INSERT INTO `yx_sys_user_roles` VALUES (318, 2);
INSERT INTO `yx_sys_user_roles` VALUES (321, 2);
INSERT INTO `yx_sys_user_roles` VALUES (322, 2);
INSERT INTO `yx_sys_user_roles` VALUES (325, 2);
INSERT INTO `yx_sys_user_roles` VALUES (326, 2);
INSERT INTO `yx_sys_user_roles` VALUES (329, 2);
INSERT INTO `yx_sys_user_roles` VALUES (330, 2);
INSERT INTO `yx_sys_user_roles` VALUES (331, 2);
INSERT INTO `yx_sys_user_roles` VALUES (335, 2);
INSERT INTO `yx_sys_user_roles` VALUES (336, 2);
INSERT INTO `yx_sys_user_roles` VALUES (337, 2);
INSERT INTO `yx_sys_user_roles` VALUES (341, 2);
INSERT INTO `yx_sys_user_roles` VALUES (343, 2);
INSERT INTO `yx_sys_user_roles` VALUES (347, 2);
INSERT INTO `yx_sys_user_roles` VALUES (356, 2);
INSERT INTO `yx_sys_user_roles` VALUES (359, 2);
INSERT INTO `yx_sys_user_roles` VALUES (360, 2);
INSERT INTO `yx_sys_user_roles` VALUES (361, 2);
INSERT INTO `yx_sys_user_roles` VALUES (364, 2);
INSERT INTO `yx_sys_user_roles` VALUES (366, 2);
INSERT INTO `yx_sys_user_roles` VALUES (368, 2);
INSERT INTO `yx_sys_user_roles` VALUES (369, 2);
INSERT INTO `yx_sys_user_roles` VALUES (373, 2);
INSERT INTO `yx_sys_user_roles` VALUES (374, 2);
INSERT INTO `yx_sys_user_roles` VALUES (375, 2);
INSERT INTO `yx_sys_user_roles` VALUES (378, 2);
INSERT INTO `yx_sys_user_roles` VALUES (379, 2);
INSERT INTO `yx_sys_user_roles` VALUES (381, 2);
INSERT INTO `yx_sys_user_roles` VALUES (382, 2);
INSERT INTO `yx_sys_user_roles` VALUES (383, 2);
INSERT INTO `yx_sys_user_roles` VALUES (389, 2);
INSERT INTO `yx_sys_user_roles` VALUES (390, 2);
INSERT INTO `yx_sys_user_roles` VALUES (393, 2);
INSERT INTO `yx_sys_user_roles` VALUES (394, 2);
INSERT INTO `yx_sys_user_roles` VALUES (395, 2);
INSERT INTO `yx_sys_user_roles` VALUES (404, 2);
INSERT INTO `yx_sys_user_roles` VALUES (405, 2);
INSERT INTO `yx_sys_user_roles` VALUES (411, 2);
INSERT INTO `yx_sys_user_roles` VALUES (415, 2);
INSERT INTO `yx_sys_user_roles` VALUES (418, 2);
INSERT INTO `yx_sys_user_roles` VALUES (419, 2);
INSERT INTO `yx_sys_user_roles` VALUES (420, 2);
INSERT INTO `yx_sys_user_roles` VALUES (421, 2);
INSERT INTO `yx_sys_user_roles` VALUES (427, 2);
INSERT INTO `yx_sys_user_roles` VALUES (429, 2);
INSERT INTO `yx_sys_user_roles` VALUES (431, 2);
INSERT INTO `yx_sys_user_roles` VALUES (432, 2);
INSERT INTO `yx_sys_user_roles` VALUES (435, 2);
INSERT INTO `yx_sys_user_roles` VALUES (443, 2);
INSERT INTO `yx_sys_user_roles` VALUES (446, 2);
INSERT INTO `yx_sys_user_roles` VALUES (451, 2);
INSERT INTO `yx_sys_user_roles` VALUES (457, 2);
INSERT INTO `yx_sys_user_roles` VALUES (458, 2);
INSERT INTO `yx_sys_user_roles` VALUES (468, 2);
INSERT INTO `yx_sys_user_roles` VALUES (470, 2);
INSERT INTO `yx_sys_user_roles` VALUES (473, 2);
INSERT INTO `yx_sys_user_roles` VALUES (476, 2);
INSERT INTO `yx_sys_user_roles` VALUES (477, 2);
INSERT INTO `yx_sys_user_roles` VALUES (484, 2);
INSERT INTO `yx_sys_user_roles` VALUES (487, 2);
INSERT INTO `yx_sys_user_roles` VALUES (489, 2);
INSERT INTO `yx_sys_user_roles` VALUES (492, 2);
INSERT INTO `yx_sys_user_roles` VALUES (493, 2);
INSERT INTO `yx_sys_user_roles` VALUES (497, 2);
INSERT INTO `yx_sys_user_roles` VALUES (498, 2);
INSERT INTO `yx_sys_user_roles` VALUES (499, 2);
INSERT INTO `yx_sys_user_roles` VALUES (501, 2);
INSERT INTO `yx_sys_user_roles` VALUES (502, 2);
INSERT INTO `yx_sys_user_roles` VALUES (503, 2);
INSERT INTO `yx_sys_user_roles` VALUES (505, 2);
INSERT INTO `yx_sys_user_roles` VALUES (507, 2);
INSERT INTO `yx_sys_user_roles` VALUES (514, 2);
INSERT INTO `yx_sys_user_roles` VALUES (515, 2);
INSERT INTO `yx_sys_user_roles` VALUES (516, 2);
INSERT INTO `yx_sys_user_roles` VALUES (522, 2);
INSERT INTO `yx_sys_user_roles` VALUES (527, 2);
INSERT INTO `yx_sys_user_roles` VALUES (536, 2);
INSERT INTO `yx_sys_user_roles` VALUES (544, 2);
INSERT INTO `yx_sys_user_roles` VALUES (545, 2);
INSERT INTO `yx_sys_user_roles` VALUES (546, 2);
INSERT INTO `yx_sys_user_roles` VALUES (548, 2);
INSERT INTO `yx_sys_user_roles` VALUES (549, 2);
INSERT INTO `yx_sys_user_roles` VALUES (555, 2);
INSERT INTO `yx_sys_user_roles` VALUES (556, 2);
INSERT INTO `yx_sys_user_roles` VALUES (557, 2);
INSERT INTO `yx_sys_user_roles` VALUES (559, 2);
INSERT INTO `yx_sys_user_roles` VALUES (562, 2);
INSERT INTO `yx_sys_user_roles` VALUES (566, 2);
INSERT INTO `yx_sys_user_roles` VALUES (570, 2);
INSERT INTO `yx_sys_user_roles` VALUES (575, 2);
INSERT INTO `yx_sys_user_roles` VALUES (576, 2);
INSERT INTO `yx_sys_user_roles` VALUES (577, 2);
INSERT INTO `yx_sys_user_roles` VALUES (578, 2);
INSERT INTO `yx_sys_user_roles` VALUES (580, 2);
INSERT INTO `yx_sys_user_roles` VALUES (583, 2);
INSERT INTO `yx_sys_user_roles` VALUES (585, 2);
INSERT INTO `yx_sys_user_roles` VALUES (586, 2);
INSERT INTO `yx_sys_user_roles` VALUES (587, 2);
INSERT INTO `yx_sys_user_roles` VALUES (590, 2);
INSERT INTO `yx_sys_user_roles` VALUES (592, 2);
INSERT INTO `yx_sys_user_roles` VALUES (593, 2);
INSERT INTO `yx_sys_user_roles` VALUES (597, 2);
INSERT INTO `yx_sys_user_roles` VALUES (598, 2);
INSERT INTO `yx_sys_user_roles` VALUES (601, 2);
INSERT INTO `yx_sys_user_roles` VALUES (602, 2);
INSERT INTO `yx_sys_user_roles` VALUES (603, 2);
INSERT INTO `yx_sys_user_roles` VALUES (604, 2);
INSERT INTO `yx_sys_user_roles` VALUES (606, 2);
INSERT INTO `yx_sys_user_roles` VALUES (608, 2);
INSERT INTO `yx_sys_user_roles` VALUES (612, 2);
INSERT INTO `yx_sys_user_roles` VALUES (616, 2);
INSERT INTO `yx_sys_user_roles` VALUES (619, 2);
INSERT INTO `yx_sys_user_roles` VALUES (622, 2);
INSERT INTO `yx_sys_user_roles` VALUES (628, 2);
INSERT INTO `yx_sys_user_roles` VALUES (629, 2);
INSERT INTO `yx_sys_user_roles` VALUES (631, 2);
INSERT INTO `yx_sys_user_roles` VALUES (632, 2);
INSERT INTO `yx_sys_user_roles` VALUES (635, 2);
INSERT INTO `yx_sys_user_roles` VALUES (637, 2);
INSERT INTO `yx_sys_user_roles` VALUES (639, 2);
INSERT INTO `yx_sys_user_roles` VALUES (642, 2);
INSERT INTO `yx_sys_user_roles` VALUES (644, 2);
INSERT INTO `yx_sys_user_roles` VALUES (646, 2);
INSERT INTO `yx_sys_user_roles` VALUES (650, 2);
INSERT INTO `yx_sys_user_roles` VALUES (651, 2);
INSERT INTO `yx_sys_user_roles` VALUES (653, 2);
INSERT INTO `yx_sys_user_roles` VALUES (655, 2);
INSERT INTO `yx_sys_user_roles` VALUES (661, 2);
INSERT INTO `yx_sys_user_roles` VALUES (666, 2);
INSERT INTO `yx_sys_user_roles` VALUES (670, 2);
INSERT INTO `yx_sys_user_roles` VALUES (675, 2);
INSERT INTO `yx_sys_user_roles` VALUES (676, 2);
INSERT INTO `yx_sys_user_roles` VALUES (677, 2);
INSERT INTO `yx_sys_user_roles` VALUES (679, 2);
INSERT INTO `yx_sys_user_roles` VALUES (684, 2);
INSERT INTO `yx_sys_user_roles` VALUES (686, 2);
INSERT INTO `yx_sys_user_roles` VALUES (689, 2);
INSERT INTO `yx_sys_user_roles` VALUES (691, 2);
INSERT INTO `yx_sys_user_roles` VALUES (692, 2);
INSERT INTO `yx_sys_user_roles` VALUES (693, 2);
INSERT INTO `yx_sys_user_roles` VALUES (695, 2);
INSERT INTO `yx_sys_user_roles` VALUES (699, 2);
INSERT INTO `yx_sys_user_roles` VALUES (702, 2);
INSERT INTO `yx_sys_user_roles` VALUES (705, 2);
INSERT INTO `yx_sys_user_roles` VALUES (706, 2);
INSERT INTO `yx_sys_user_roles` VALUES (710, 2);
INSERT INTO `yx_sys_user_roles` VALUES (711, 2);
INSERT INTO `yx_sys_user_roles` VALUES (717, 2);
INSERT INTO `yx_sys_user_roles` VALUES (720, 2);
INSERT INTO `yx_sys_user_roles` VALUES (721, 2);
INSERT INTO `yx_sys_user_roles` VALUES (725, 2);
INSERT INTO `yx_sys_user_roles` VALUES (726, 2);
INSERT INTO `yx_sys_user_roles` VALUES (727, 2);
INSERT INTO `yx_sys_user_roles` VALUES (729, 2);
INSERT INTO `yx_sys_user_roles` VALUES (730, 2);
INSERT INTO `yx_sys_user_roles` VALUES (734, 2);
INSERT INTO `yx_sys_user_roles` VALUES (746, 2);
INSERT INTO `yx_sys_user_roles` VALUES (747, 2);
INSERT INTO `yx_sys_user_roles` VALUES (757, 2);
INSERT INTO `yx_sys_user_roles` VALUES (759, 2);
INSERT INTO `yx_sys_user_roles` VALUES (760, 2);
INSERT INTO `yx_sys_user_roles` VALUES (766, 2);
INSERT INTO `yx_sys_user_roles` VALUES (767, 2);
INSERT INTO `yx_sys_user_roles` VALUES (768, 2);
INSERT INTO `yx_sys_user_roles` VALUES (769, 2);
INSERT INTO `yx_sys_user_roles` VALUES (770, 2);
INSERT INTO `yx_sys_user_roles` VALUES (777, 2);
INSERT INTO `yx_sys_user_roles` VALUES (778, 2);
INSERT INTO `yx_sys_user_roles` VALUES (779, 2);
INSERT INTO `yx_sys_user_roles` VALUES (780, 2);
INSERT INTO `yx_sys_user_roles` VALUES (781, 2);
INSERT INTO `yx_sys_user_roles` VALUES (783, 2);
INSERT INTO `yx_sys_user_roles` VALUES (785, 2);
INSERT INTO `yx_sys_user_roles` VALUES (787, 2);
INSERT INTO `yx_sys_user_roles` VALUES (792, 2);
INSERT INTO `yx_sys_user_roles` VALUES (793, 2);
INSERT INTO `yx_sys_user_roles` VALUES (794, 2);
INSERT INTO `yx_sys_user_roles` VALUES (803, 2);
INSERT INTO `yx_sys_user_roles` VALUES (806, 2);
INSERT INTO `yx_sys_user_roles` VALUES (807, 2);
INSERT INTO `yx_sys_user_roles` VALUES (809, 2);
INSERT INTO `yx_sys_user_roles` VALUES (812, 2);
INSERT INTO `yx_sys_user_roles` VALUES (815, 2);
INSERT INTO `yx_sys_user_roles` VALUES (818, 2);
INSERT INTO `yx_sys_user_roles` VALUES (819, 2);
INSERT INTO `yx_sys_user_roles` VALUES (820, 2);
INSERT INTO `yx_sys_user_roles` VALUES (826, 2);
INSERT INTO `yx_sys_user_roles` VALUES (828, 2);
INSERT INTO `yx_sys_user_roles` VALUES (833, 2);
INSERT INTO `yx_sys_user_roles` VALUES (841, 2);
INSERT INTO `yx_sys_user_roles` VALUES (842, 2);
INSERT INTO `yx_sys_user_roles` VALUES (843, 2);
INSERT INTO `yx_sys_user_roles` VALUES (844, 2);
INSERT INTO `yx_sys_user_roles` VALUES (845, 2);
INSERT INTO `yx_sys_user_roles` VALUES (847, 2);
INSERT INTO `yx_sys_user_roles` VALUES (849, 2);
INSERT INTO `yx_sys_user_roles` VALUES (852, 2);
INSERT INTO `yx_sys_user_roles` VALUES (854, 2);
INSERT INTO `yx_sys_user_roles` VALUES (863, 2);
INSERT INTO `yx_sys_user_roles` VALUES (867, 2);
INSERT INTO `yx_sys_user_roles` VALUES (871, 2);
INSERT INTO `yx_sys_user_roles` VALUES (872, 2);
INSERT INTO `yx_sys_user_roles` VALUES (875, 2);
INSERT INTO `yx_sys_user_roles` VALUES (876, 2);
INSERT INTO `yx_sys_user_roles` VALUES (879, 2);
INSERT INTO `yx_sys_user_roles` VALUES (883, 2);
INSERT INTO `yx_sys_user_roles` VALUES (884, 2);
INSERT INTO `yx_sys_user_roles` VALUES (891, 2);
INSERT INTO `yx_sys_user_roles` VALUES (896, 2);
INSERT INTO `yx_sys_user_roles` VALUES (901, 2);
INSERT INTO `yx_sys_user_roles` VALUES (909, 2);
INSERT INTO `yx_sys_user_roles` VALUES (920, 2);
INSERT INTO `yx_sys_user_roles` VALUES (923, 2);
INSERT INTO `yx_sys_user_roles` VALUES (925, 2);
INSERT INTO `yx_sys_user_roles` VALUES (931, 2);
INSERT INTO `yx_sys_user_roles` VALUES (936, 2);
INSERT INTO `yx_sys_user_roles` VALUES (947, 2);
INSERT INTO `yx_sys_user_roles` VALUES (948, 2);
INSERT INTO `yx_sys_user_roles` VALUES (949, 2);
INSERT INTO `yx_sys_user_roles` VALUES (960, 2);
INSERT INTO `yx_sys_user_roles` VALUES (968, 2);
INSERT INTO `yx_sys_user_roles` VALUES (972, 2);
INSERT INTO `yx_sys_user_roles` VALUES (977, 2);
INSERT INTO `yx_sys_user_roles` VALUES (979, 2);
INSERT INTO `yx_sys_user_roles` VALUES (987, 2);
INSERT INTO `yx_sys_user_roles` VALUES (988, 2);
INSERT INTO `yx_sys_user_roles` VALUES (992, 2);
INSERT INTO `yx_sys_user_roles` VALUES (997, 2);
INSERT INTO `yx_sys_user_roles` VALUES (998, 2);
INSERT INTO `yx_sys_user_roles` VALUES (1000, 2);
INSERT INTO `yx_sys_user_roles` VALUES (1004, 2);
INSERT INTO `yx_sys_user_roles` VALUES (1005, 2);
INSERT INTO `yx_sys_user_roles` VALUES (11, 3);
INSERT INTO `yx_sys_user_roles` VALUES (30, 3);
INSERT INTO `yx_sys_user_roles` VALUES (32, 3);
INSERT INTO `yx_sys_user_roles` VALUES (33, 3);
INSERT INTO `yx_sys_user_roles` VALUES (34, 3);
INSERT INTO `yx_sys_user_roles` VALUES (35, 3);
INSERT INTO `yx_sys_user_roles` VALUES (37, 3);
INSERT INTO `yx_sys_user_roles` VALUES (38, 3);
INSERT INTO `yx_sys_user_roles` VALUES (39, 3);
INSERT INTO `yx_sys_user_roles` VALUES (41, 3);
INSERT INTO `yx_sys_user_roles` VALUES (45, 3);
INSERT INTO `yx_sys_user_roles` VALUES (47, 3);
INSERT INTO `yx_sys_user_roles` VALUES (49, 3);
INSERT INTO `yx_sys_user_roles` VALUES (50, 3);
INSERT INTO `yx_sys_user_roles` VALUES (51, 3);
INSERT INTO `yx_sys_user_roles` VALUES (52, 3);
INSERT INTO `yx_sys_user_roles` VALUES (53, 3);
INSERT INTO `yx_sys_user_roles` VALUES (54, 3);
INSERT INTO `yx_sys_user_roles` VALUES (59, 3);
INSERT INTO `yx_sys_user_roles` VALUES (60, 3);
INSERT INTO `yx_sys_user_roles` VALUES (62, 3);
INSERT INTO `yx_sys_user_roles` VALUES (66, 3);
INSERT INTO `yx_sys_user_roles` VALUES (67, 3);
INSERT INTO `yx_sys_user_roles` VALUES (68, 3);
INSERT INTO `yx_sys_user_roles` VALUES (73, 3);
INSERT INTO `yx_sys_user_roles` VALUES (74, 3);
INSERT INTO `yx_sys_user_roles` VALUES (77, 3);
INSERT INTO `yx_sys_user_roles` VALUES (82, 3);
INSERT INTO `yx_sys_user_roles` VALUES (88, 3);
INSERT INTO `yx_sys_user_roles` VALUES (90, 3);
INSERT INTO `yx_sys_user_roles` VALUES (92, 3);
INSERT INTO `yx_sys_user_roles` VALUES (97, 3);
INSERT INTO `yx_sys_user_roles` VALUES (98, 3);
INSERT INTO `yx_sys_user_roles` VALUES (100, 3);
INSERT INTO `yx_sys_user_roles` VALUES (103, 3);
INSERT INTO `yx_sys_user_roles` VALUES (104, 3);
INSERT INTO `yx_sys_user_roles` VALUES (106, 3);
INSERT INTO `yx_sys_user_roles` VALUES (108, 3);
INSERT INTO `yx_sys_user_roles` VALUES (110, 3);
INSERT INTO `yx_sys_user_roles` VALUES (111, 3);
INSERT INTO `yx_sys_user_roles` VALUES (115, 3);
INSERT INTO `yx_sys_user_roles` VALUES (122, 3);
INSERT INTO `yx_sys_user_roles` VALUES (125, 3);
INSERT INTO `yx_sys_user_roles` VALUES (126, 3);
INSERT INTO `yx_sys_user_roles` VALUES (127, 3);
INSERT INTO `yx_sys_user_roles` VALUES (141, 3);
INSERT INTO `yx_sys_user_roles` VALUES (144, 3);
INSERT INTO `yx_sys_user_roles` VALUES (148, 3);
INSERT INTO `yx_sys_user_roles` VALUES (152, 3);
INSERT INTO `yx_sys_user_roles` VALUES (155, 3);
INSERT INTO `yx_sys_user_roles` VALUES (159, 3);
INSERT INTO `yx_sys_user_roles` VALUES (169, 3);
INSERT INTO `yx_sys_user_roles` VALUES (173, 3);
INSERT INTO `yx_sys_user_roles` VALUES (182, 3);
INSERT INTO `yx_sys_user_roles` VALUES (183, 3);
INSERT INTO `yx_sys_user_roles` VALUES (185, 3);
INSERT INTO `yx_sys_user_roles` VALUES (186, 3);
INSERT INTO `yx_sys_user_roles` VALUES (191, 3);
INSERT INTO `yx_sys_user_roles` VALUES (192, 3);
INSERT INTO `yx_sys_user_roles` VALUES (195, 3);
INSERT INTO `yx_sys_user_roles` VALUES (196, 3);
INSERT INTO `yx_sys_user_roles` VALUES (197, 3);
INSERT INTO `yx_sys_user_roles` VALUES (198, 3);
INSERT INTO `yx_sys_user_roles` VALUES (200, 3);
INSERT INTO `yx_sys_user_roles` VALUES (201, 3);
INSERT INTO `yx_sys_user_roles` VALUES (202, 3);
INSERT INTO `yx_sys_user_roles` VALUES (206, 3);
INSERT INTO `yx_sys_user_roles` VALUES (209, 3);
INSERT INTO `yx_sys_user_roles` VALUES (210, 3);
INSERT INTO `yx_sys_user_roles` VALUES (214, 3);
INSERT INTO `yx_sys_user_roles` VALUES (215, 3);
INSERT INTO `yx_sys_user_roles` VALUES (217, 3);
INSERT INTO `yx_sys_user_roles` VALUES (218, 3);
INSERT INTO `yx_sys_user_roles` VALUES (223, 3);
INSERT INTO `yx_sys_user_roles` VALUES (224, 3);
INSERT INTO `yx_sys_user_roles` VALUES (226, 3);
INSERT INTO `yx_sys_user_roles` VALUES (227, 3);
INSERT INTO `yx_sys_user_roles` VALUES (233, 3);
INSERT INTO `yx_sys_user_roles` VALUES (235, 3);
INSERT INTO `yx_sys_user_roles` VALUES (238, 3);
INSERT INTO `yx_sys_user_roles` VALUES (242, 3);
INSERT INTO `yx_sys_user_roles` VALUES (243, 3);
INSERT INTO `yx_sys_user_roles` VALUES (246, 3);
INSERT INTO `yx_sys_user_roles` VALUES (251, 3);
INSERT INTO `yx_sys_user_roles` VALUES (263, 3);
INSERT INTO `yx_sys_user_roles` VALUES (264, 3);
INSERT INTO `yx_sys_user_roles` VALUES (265, 3);
INSERT INTO `yx_sys_user_roles` VALUES (268, 3);
INSERT INTO `yx_sys_user_roles` VALUES (270, 3);
INSERT INTO `yx_sys_user_roles` VALUES (271, 3);
INSERT INTO `yx_sys_user_roles` VALUES (277, 3);
INSERT INTO `yx_sys_user_roles` VALUES (281, 3);
INSERT INTO `yx_sys_user_roles` VALUES (282, 3);
INSERT INTO `yx_sys_user_roles` VALUES (289, 3);
INSERT INTO `yx_sys_user_roles` VALUES (291, 3);
INSERT INTO `yx_sys_user_roles` VALUES (296, 3);
INSERT INTO `yx_sys_user_roles` VALUES (297, 3);
INSERT INTO `yx_sys_user_roles` VALUES (299, 3);
INSERT INTO `yx_sys_user_roles` VALUES (300, 3);
INSERT INTO `yx_sys_user_roles` VALUES (301, 3);
INSERT INTO `yx_sys_user_roles` VALUES (303, 3);
INSERT INTO `yx_sys_user_roles` VALUES (304, 3);
INSERT INTO `yx_sys_user_roles` VALUES (310, 3);
INSERT INTO `yx_sys_user_roles` VALUES (311, 3);
INSERT INTO `yx_sys_user_roles` VALUES (317, 3);
INSERT INTO `yx_sys_user_roles` VALUES (319, 3);
INSERT INTO `yx_sys_user_roles` VALUES (328, 3);
INSERT INTO `yx_sys_user_roles` VALUES (332, 3);
INSERT INTO `yx_sys_user_roles` VALUES (339, 3);
INSERT INTO `yx_sys_user_roles` VALUES (342, 3);
INSERT INTO `yx_sys_user_roles` VALUES (348, 3);
INSERT INTO `yx_sys_user_roles` VALUES (355, 3);
INSERT INTO `yx_sys_user_roles` VALUES (357, 3);
INSERT INTO `yx_sys_user_roles` VALUES (362, 3);
INSERT INTO `yx_sys_user_roles` VALUES (363, 3);
INSERT INTO `yx_sys_user_roles` VALUES (365, 3);
INSERT INTO `yx_sys_user_roles` VALUES (367, 3);
INSERT INTO `yx_sys_user_roles` VALUES (370, 3);
INSERT INTO `yx_sys_user_roles` VALUES (371, 3);
INSERT INTO `yx_sys_user_roles` VALUES (372, 3);
INSERT INTO `yx_sys_user_roles` VALUES (377, 3);
INSERT INTO `yx_sys_user_roles` VALUES (385, 3);
INSERT INTO `yx_sys_user_roles` VALUES (386, 3);
INSERT INTO `yx_sys_user_roles` VALUES (388, 3);
INSERT INTO `yx_sys_user_roles` VALUES (391, 3);
INSERT INTO `yx_sys_user_roles` VALUES (392, 3);
INSERT INTO `yx_sys_user_roles` VALUES (396, 3);
INSERT INTO `yx_sys_user_roles` VALUES (397, 3);
INSERT INTO `yx_sys_user_roles` VALUES (399, 3);
INSERT INTO `yx_sys_user_roles` VALUES (402, 3);
INSERT INTO `yx_sys_user_roles` VALUES (407, 3);
INSERT INTO `yx_sys_user_roles` VALUES (408, 3);
INSERT INTO `yx_sys_user_roles` VALUES (409, 3);
INSERT INTO `yx_sys_user_roles` VALUES (412, 3);
INSERT INTO `yx_sys_user_roles` VALUES (414, 3);
INSERT INTO `yx_sys_user_roles` VALUES (423, 3);
INSERT INTO `yx_sys_user_roles` VALUES (425, 3);
INSERT INTO `yx_sys_user_roles` VALUES (426, 3);
INSERT INTO `yx_sys_user_roles` VALUES (433, 3);
INSERT INTO `yx_sys_user_roles` VALUES (434, 3);
INSERT INTO `yx_sys_user_roles` VALUES (438, 3);
INSERT INTO `yx_sys_user_roles` VALUES (441, 3);
INSERT INTO `yx_sys_user_roles` VALUES (447, 3);
INSERT INTO `yx_sys_user_roles` VALUES (448, 3);
INSERT INTO `yx_sys_user_roles` VALUES (449, 3);
INSERT INTO `yx_sys_user_roles` VALUES (452, 3);
INSERT INTO `yx_sys_user_roles` VALUES (453, 3);
INSERT INTO `yx_sys_user_roles` VALUES (455, 3);
INSERT INTO `yx_sys_user_roles` VALUES (456, 3);
INSERT INTO `yx_sys_user_roles` VALUES (461, 3);
INSERT INTO `yx_sys_user_roles` VALUES (464, 3);
INSERT INTO `yx_sys_user_roles` VALUES (469, 3);
INSERT INTO `yx_sys_user_roles` VALUES (471, 3);
INSERT INTO `yx_sys_user_roles` VALUES (474, 3);
INSERT INTO `yx_sys_user_roles` VALUES (478, 3);
INSERT INTO `yx_sys_user_roles` VALUES (481, 3);
INSERT INTO `yx_sys_user_roles` VALUES (485, 3);
INSERT INTO `yx_sys_user_roles` VALUES (486, 3);
INSERT INTO `yx_sys_user_roles` VALUES (488, 3);
INSERT INTO `yx_sys_user_roles` VALUES (494, 3);
INSERT INTO `yx_sys_user_roles` VALUES (495, 3);
INSERT INTO `yx_sys_user_roles` VALUES (504, 3);
INSERT INTO `yx_sys_user_roles` VALUES (508, 3);
INSERT INTO `yx_sys_user_roles` VALUES (510, 3);
INSERT INTO `yx_sys_user_roles` VALUES (519, 3);
INSERT INTO `yx_sys_user_roles` VALUES (523, 3);
INSERT INTO `yx_sys_user_roles` VALUES (524, 3);
INSERT INTO `yx_sys_user_roles` VALUES (525, 3);
INSERT INTO `yx_sys_user_roles` VALUES (534, 3);
INSERT INTO `yx_sys_user_roles` VALUES (535, 3);
INSERT INTO `yx_sys_user_roles` VALUES (537, 3);
INSERT INTO `yx_sys_user_roles` VALUES (538, 3);
INSERT INTO `yx_sys_user_roles` VALUES (540, 3);
INSERT INTO `yx_sys_user_roles` VALUES (541, 3);
INSERT INTO `yx_sys_user_roles` VALUES (550, 3);
INSERT INTO `yx_sys_user_roles` VALUES (552, 3);
INSERT INTO `yx_sys_user_roles` VALUES (553, 3);
INSERT INTO `yx_sys_user_roles` VALUES (554, 3);
INSERT INTO `yx_sys_user_roles` VALUES (560, 3);
INSERT INTO `yx_sys_user_roles` VALUES (564, 3);
INSERT INTO `yx_sys_user_roles` VALUES (565, 3);
INSERT INTO `yx_sys_user_roles` VALUES (568, 3);
INSERT INTO `yx_sys_user_roles` VALUES (571, 3);
INSERT INTO `yx_sys_user_roles` VALUES (572, 3);
INSERT INTO `yx_sys_user_roles` VALUES (574, 3);
INSERT INTO `yx_sys_user_roles` VALUES (579, 3);
INSERT INTO `yx_sys_user_roles` VALUES (581, 3);
INSERT INTO `yx_sys_user_roles` VALUES (582, 3);
INSERT INTO `yx_sys_user_roles` VALUES (584, 3);
INSERT INTO `yx_sys_user_roles` VALUES (589, 3);
INSERT INTO `yx_sys_user_roles` VALUES (591, 3);
INSERT INTO `yx_sys_user_roles` VALUES (594, 3);
INSERT INTO `yx_sys_user_roles` VALUES (595, 3);
INSERT INTO `yx_sys_user_roles` VALUES (599, 3);
INSERT INTO `yx_sys_user_roles` VALUES (605, 3);
INSERT INTO `yx_sys_user_roles` VALUES (607, 3);
INSERT INTO `yx_sys_user_roles` VALUES (610, 3);
INSERT INTO `yx_sys_user_roles` VALUES (617, 3);
INSERT INTO `yx_sys_user_roles` VALUES (618, 3);
INSERT INTO `yx_sys_user_roles` VALUES (623, 3);
INSERT INTO `yx_sys_user_roles` VALUES (624, 3);
INSERT INTO `yx_sys_user_roles` VALUES (626, 3);
INSERT INTO `yx_sys_user_roles` VALUES (627, 3);
INSERT INTO `yx_sys_user_roles` VALUES (640, 3);
INSERT INTO `yx_sys_user_roles` VALUES (641, 3);
INSERT INTO `yx_sys_user_roles` VALUES (648, 3);
INSERT INTO `yx_sys_user_roles` VALUES (649, 3);
INSERT INTO `yx_sys_user_roles` VALUES (654, 3);
INSERT INTO `yx_sys_user_roles` VALUES (658, 3);
INSERT INTO `yx_sys_user_roles` VALUES (659, 3);
INSERT INTO `yx_sys_user_roles` VALUES (662, 3);
INSERT INTO `yx_sys_user_roles` VALUES (664, 3);
INSERT INTO `yx_sys_user_roles` VALUES (667, 3);
INSERT INTO `yx_sys_user_roles` VALUES (668, 3);
INSERT INTO `yx_sys_user_roles` VALUES (672, 3);
INSERT INTO `yx_sys_user_roles` VALUES (674, 3);
INSERT INTO `yx_sys_user_roles` VALUES (680, 3);
INSERT INTO `yx_sys_user_roles` VALUES (681, 3);
INSERT INTO `yx_sys_user_roles` VALUES (683, 3);
INSERT INTO `yx_sys_user_roles` VALUES (685, 3);
INSERT INTO `yx_sys_user_roles` VALUES (687, 3);
INSERT INTO `yx_sys_user_roles` VALUES (688, 3);
INSERT INTO `yx_sys_user_roles` VALUES (694, 3);
INSERT INTO `yx_sys_user_roles` VALUES (700, 3);
INSERT INTO `yx_sys_user_roles` VALUES (703, 3);
INSERT INTO `yx_sys_user_roles` VALUES (708, 3);
INSERT INTO `yx_sys_user_roles` VALUES (709, 3);
INSERT INTO `yx_sys_user_roles` VALUES (712, 3);
INSERT INTO `yx_sys_user_roles` VALUES (713, 3);
INSERT INTO `yx_sys_user_roles` VALUES (718, 3);
INSERT INTO `yx_sys_user_roles` VALUES (723, 3);
INSERT INTO `yx_sys_user_roles` VALUES (724, 3);
INSERT INTO `yx_sys_user_roles` VALUES (735, 3);
INSERT INTO `yx_sys_user_roles` VALUES (737, 3);
INSERT INTO `yx_sys_user_roles` VALUES (739, 3);
INSERT INTO `yx_sys_user_roles` VALUES (745, 3);
INSERT INTO `yx_sys_user_roles` VALUES (753, 3);
INSERT INTO `yx_sys_user_roles` VALUES (758, 3);
INSERT INTO `yx_sys_user_roles` VALUES (764, 3);
INSERT INTO `yx_sys_user_roles` VALUES (765, 3);
INSERT INTO `yx_sys_user_roles` VALUES (772, 3);
INSERT INTO `yx_sys_user_roles` VALUES (776, 3);
INSERT INTO `yx_sys_user_roles` VALUES (784, 3);
INSERT INTO `yx_sys_user_roles` VALUES (786, 3);
INSERT INTO `yx_sys_user_roles` VALUES (788, 3);
INSERT INTO `yx_sys_user_roles` VALUES (789, 3);
INSERT INTO `yx_sys_user_roles` VALUES (797, 3);
INSERT INTO `yx_sys_user_roles` VALUES (799, 3);
INSERT INTO `yx_sys_user_roles` VALUES (801, 3);
INSERT INTO `yx_sys_user_roles` VALUES (805, 3);
INSERT INTO `yx_sys_user_roles` VALUES (810, 3);
INSERT INTO `yx_sys_user_roles` VALUES (811, 3);
INSERT INTO `yx_sys_user_roles` VALUES (814, 3);
INSERT INTO `yx_sys_user_roles` VALUES (817, 3);
INSERT INTO `yx_sys_user_roles` VALUES (823, 3);
INSERT INTO `yx_sys_user_roles` VALUES (824, 3);
INSERT INTO `yx_sys_user_roles` VALUES (825, 3);
INSERT INTO `yx_sys_user_roles` VALUES (829, 3);
INSERT INTO `yx_sys_user_roles` VALUES (830, 3);
INSERT INTO `yx_sys_user_roles` VALUES (834, 3);
INSERT INTO `yx_sys_user_roles` VALUES (837, 3);
INSERT INTO `yx_sys_user_roles` VALUES (840, 3);
INSERT INTO `yx_sys_user_roles` VALUES (846, 3);
INSERT INTO `yx_sys_user_roles` VALUES (848, 3);
INSERT INTO `yx_sys_user_roles` VALUES (850, 3);
INSERT INTO `yx_sys_user_roles` VALUES (855, 3);
INSERT INTO `yx_sys_user_roles` VALUES (856, 3);
INSERT INTO `yx_sys_user_roles` VALUES (860, 3);
INSERT INTO `yx_sys_user_roles` VALUES (862, 3);
INSERT INTO `yx_sys_user_roles` VALUES (865, 3);
INSERT INTO `yx_sys_user_roles` VALUES (866, 3);
INSERT INTO `yx_sys_user_roles` VALUES (868, 3);
INSERT INTO `yx_sys_user_roles` VALUES (869, 3);
INSERT INTO `yx_sys_user_roles` VALUES (870, 3);
INSERT INTO `yx_sys_user_roles` VALUES (873, 3);
INSERT INTO `yx_sys_user_roles` VALUES (881, 3);
INSERT INTO `yx_sys_user_roles` VALUES (885, 3);
INSERT INTO `yx_sys_user_roles` VALUES (887, 3);
INSERT INTO `yx_sys_user_roles` VALUES (888, 3);
INSERT INTO `yx_sys_user_roles` VALUES (892, 3);
INSERT INTO `yx_sys_user_roles` VALUES (893, 3);
INSERT INTO `yx_sys_user_roles` VALUES (895, 3);
INSERT INTO `yx_sys_user_roles` VALUES (898, 3);
INSERT INTO `yx_sys_user_roles` VALUES (899, 3);
INSERT INTO `yx_sys_user_roles` VALUES (903, 3);
INSERT INTO `yx_sys_user_roles` VALUES (904, 3);
INSERT INTO `yx_sys_user_roles` VALUES (906, 3);
INSERT INTO `yx_sys_user_roles` VALUES (907, 3);
INSERT INTO `yx_sys_user_roles` VALUES (910, 3);
INSERT INTO `yx_sys_user_roles` VALUES (911, 3);
INSERT INTO `yx_sys_user_roles` VALUES (912, 3);
INSERT INTO `yx_sys_user_roles` VALUES (913, 3);
INSERT INTO `yx_sys_user_roles` VALUES (915, 3);
INSERT INTO `yx_sys_user_roles` VALUES (918, 3);
INSERT INTO `yx_sys_user_roles` VALUES (929, 3);
INSERT INTO `yx_sys_user_roles` VALUES (930, 3);
INSERT INTO `yx_sys_user_roles` VALUES (932, 3);
INSERT INTO `yx_sys_user_roles` VALUES (935, 3);
INSERT INTO `yx_sys_user_roles` VALUES (937, 3);
INSERT INTO `yx_sys_user_roles` VALUES (940, 3);
INSERT INTO `yx_sys_user_roles` VALUES (941, 3);
INSERT INTO `yx_sys_user_roles` VALUES (942, 3);
INSERT INTO `yx_sys_user_roles` VALUES (944, 3);
INSERT INTO `yx_sys_user_roles` VALUES (950, 3);
INSERT INTO `yx_sys_user_roles` VALUES (951, 3);
INSERT INTO `yx_sys_user_roles` VALUES (953, 3);
INSERT INTO `yx_sys_user_roles` VALUES (954, 3);
INSERT INTO `yx_sys_user_roles` VALUES (957, 3);
INSERT INTO `yx_sys_user_roles` VALUES (958, 3);
INSERT INTO `yx_sys_user_roles` VALUES (959, 3);
INSERT INTO `yx_sys_user_roles` VALUES (965, 3);
INSERT INTO `yx_sys_user_roles` VALUES (970, 3);
INSERT INTO `yx_sys_user_roles` VALUES (974, 3);
INSERT INTO `yx_sys_user_roles` VALUES (981, 3);
INSERT INTO `yx_sys_user_roles` VALUES (983, 3);
INSERT INTO `yx_sys_user_roles` VALUES (984, 3);
INSERT INTO `yx_sys_user_roles` VALUES (989, 3);
INSERT INTO `yx_sys_user_roles` VALUES (990, 3);
INSERT INTO `yx_sys_user_roles` VALUES (991, 3);
INSERT INTO `yx_sys_user_roles` VALUES (993, 3);
INSERT INTO `yx_sys_user_roles` VALUES (994, 3);
INSERT INTO `yx_sys_user_roles` VALUES (996, 3);
INSERT INTO `yx_sys_user_roles` VALUES (999, 3);
INSERT INTO `yx_sys_user_roles` VALUES (1001, 3);
INSERT INTO `yx_sys_user_roles` VALUES (1002, 3);
INSERT INTO `yx_sys_user_roles` VALUES (1003, 3);
INSERT INTO `yx_sys_user_roles` VALUES (1008, 3);

-- ----------------------------
-- Table structure for yx_sys_users
-- ----------------------------
DROP TABLE IF EXISTS `yx_sys_users`;
CREATE TABLE `yx_sys_users`  (
  `id` int NOT NULL AUTO_INCREMENT COMMENT '用户ID，主键自增',
  `username` varchar(255) CHARACTER SET utf8mb4 COLLATE utf8mb4_0900_ai_ci NOT NULL COMMENT '用户名',
  `password` varchar(255) CHARACTER SET utf8mb4 COLLATE utf8mb4_0900_ai_ci NOT NULL COMMENT '用户密码',
  `avatar` varchar(255) CHARACTER SET utf8mb4 COLLATE utf8mb4_0900_ai_ci NULL DEFAULT NULL COMMENT '用户头像',
  `email` varchar(255) CHARACTER SET utf8mb4 COLLATE utf8mb4_0900_ai_ci NULL DEFAULT NULL COMMENT '用户邮箱',
  `phone` varchar(20) CHARACTER SET utf8mb4 COLLATE utf8mb4_0900_ai_ci NULL DEFAULT NULL COMMENT '用户手机号码',
  `status` tinyint(1) NULL DEFAULT 1 COMMENT '用户状态，1为启用，0为禁用',
  `create_time` datetime NULL DEFAULT CURRENT_TIMESTAMP COMMENT '用户创建时间',
  `update_time` datetime NULL DEFAULT CURRENT_TIMESTAMP ON UPDATE CURRENT_TIMESTAMP COMMENT '最后更新时间',
  `is_delete` tinyint(1) NULL DEFAULT 0 COMMENT '逻辑删除  0正常使用 1逻辑删除',
  PRIMARY KEY (`id`) USING BTREE COMMENT '主键'
) ENGINE = InnoDB AUTO_INCREMENT = 1010 CHARACTER SET = utf8mb4 COLLATE = utf8mb4_0900_ai_ci COMMENT = '用户信息表' ROW_FORMAT = Dynamic;

-- ----------------------------
-- Records of yx_sys_users
-- ----------------------------
INSERT INTO `yx_sys_users` VALUES (1, 'admin', '666666', '2024/02/21/382f730f87014810a7bed79b67ef67c2.jpg', '123', '22212', 1, '2024-02-21 14:09:49', '2024-02-21 15:07:47', 0);
INSERT INTO `yx_sys_users` VALUES (7, '231', '666666', '2024/02/21/d9809422aac34ce8aaec968ae7164316.jpg', '312312', '2312', 1, '2024-02-21 16:13:20', '2024-02-21 16:13:31', 0);
INSERT INTO `yx_sys_users` VALUES (10, '岩崎愛梨', 'iEVO38uxiw', NULL, 'aiwasaki@gmail.com', '74-908-8693', 1, '2017-04-17 19:31:32', '2023-02-16 12:56:00', 1);
INSERT INTO `yx_sys_users` VALUES (11, '盧學友', '1AFWNEMbBl', NULL, 'holo79@gmail.com', '614-538-8990', 1, '2010-06-12 10:29:43', '2020-10-11 11:13:12', 1);
INSERT INTO `yx_sys_users` VALUES (14, '柴田和真', 'DHxtNwEJOp', NULL, 'kashibata@gmail.com', '(116) 600 4176', 0, '2021-11-25 12:30:22', '2020-03-22 00:12:58', 1);
INSERT INTO `yx_sys_users` VALUES (16, '戴志明', 'xL63E8dF7t', NULL, 'daichiming@gmail.com', '195-2446-2099', 0, '2018-06-16 00:00:57', '2000-07-04 23:58:20', 1);
INSERT INTO `yx_sys_users` VALUES (20, '官朝偉', 'MWTkanklyg', NULL, 'koon73@outlook.com', '11-257-7082', 0, '2003-01-13 07:38:12', '2016-09-18 02:21:28', 1);
INSERT INTO `yx_sys_users` VALUES (21, '朱惠妹', 'LOV8Ny78rK', NULL, 'huimei9@icloud.com', '212-106-5108', 0, '2015-12-10 09:52:20', '2021-10-03 02:32:14', 1);
INSERT INTO `yx_sys_users` VALUES (23, '山田葵', '6somiJ4ZDC', NULL, 'yaoi@yahoo.com', '52-420-8762', 1, '2014-11-26 05:38:49', '2006-11-09 04:38:46', 1);
INSERT INTO `yx_sys_users` VALUES (25, '小川健太', '5RSb6udB2v', NULL, 'kenta05@yahoo.com', '70-5320-0330', 1, '2015-11-30 00:33:35', '2019-07-15 10:49:43', 0);
INSERT INTO `yx_sys_users` VALUES (26, '前田和真', 'XjbGrUmaaV', NULL, 'maka2016@hotmail.com', '614-578-1856', 0, '2007-11-28 06:57:27', '2023-05-10 11:11:54', 0);
INSERT INTO `yx_sys_users` VALUES (27, '湯浩然', 'DokIHInkWK', NULL, 'thy2@outlook.com', '212-585-8266', 0, '2012-05-18 16:15:16', '2011-12-01 19:57:32', 1);
INSERT INTO `yx_sys_users` VALUES (28, '唐杰倫', '35ykRwt5xl', NULL, 'tongchiehlun@outlook.com', '183-9251-1548', 1, '2020-12-01 15:07:44', '2013-06-10 06:15:53', 1);
INSERT INTO `yx_sys_users` VALUES (29, '平野絢斗', '2EqXJLiW62', NULL, 'ahi@gmail.com', '161-2256-1763', 1, '2011-05-28 14:55:02', '2023-10-13 11:55:14', 0);
INSERT INTO `yx_sys_users` VALUES (30, '駱仲賢', '9zjLAwvf3t', NULL, 'locy@outlook.com', '5608 546052', 1, '2022-07-03 18:42:02', '2022-01-06 16:00:58', 1);
INSERT INTO `yx_sys_users` VALUES (31, '錢永發', 'qgmBUDMMVy', NULL, 'chinwi803@outlook.com', '74-468-4415', 1, '2012-10-29 21:56:46', '2014-02-25 17:12:43', 1);
INSERT INTO `yx_sys_users` VALUES (32, '顧國權', '7kTj8mpPqW', NULL, 'kkk@yahoo.com', '52-867-0106', 1, '2021-08-27 10:55:25', '2000-07-16 02:54:02', 0);
INSERT INTO `yx_sys_users` VALUES (33, '翁麗欣', 'JQ9KJQa0o6', NULL, 'yuly@icloud.com', '213-590-7533', 0, '2022-01-16 22:55:46', '2023-11-23 00:55:29', 0);
INSERT INTO `yx_sys_users` VALUES (34, '汪天樂', 'C06hho4nhR', NULL, 'tinlok1004@outlook.com', '5772 017220', 1, '2023-04-29 12:46:39', '2016-12-07 10:11:22', 0);
INSERT INTO `yx_sys_users` VALUES (35, '王曉彤', 'r5CzkIo5R5', NULL, 'hiutung4@outlook.com', '838-169-3936', 0, '2005-05-02 01:32:31', '2013-01-08 19:44:38', 0);
INSERT INTO `yx_sys_users` VALUES (36, '蔣慧敏', 'HyXmPoOrzx', NULL, 'chiwm211@outlook.com', '3-3655-8290', 1, '2023-11-03 07:32:29', '2006-10-03 00:52:16', 0);
INSERT INTO `yx_sys_users` VALUES (37, '野口蓮', 't1jpj8pAih', NULL, 'ren5@gmail.com', '90-5739-2748', 1, '2009-03-14 02:27:08', '2020-11-20 14:15:31', 0);
INSERT INTO `yx_sys_users` VALUES (38, '蔡家輝', '6T5rJbYeFn', NULL, 'chkf1@yahoo.com', '21-3884-0860', 0, '2019-07-12 05:58:48', '2009-02-13 15:53:19', 1);
INSERT INTO `yx_sys_users` VALUES (39, '吉田百恵', 'CJUk4zNGlQ', NULL, 'yoshida15@icloud.com', '7181 787246', 1, '2012-07-29 18:34:07', '2022-07-31 01:58:05', 1);
INSERT INTO `yx_sys_users` VALUES (40, '譚國明', 'cDOOFScal6', NULL, 'kwokmingtam3@yahoo.com', '20-6335-7207', 0, '2018-01-16 06:56:39', '2008-12-10 21:19:34', 1);
INSERT INTO `yx_sys_users` VALUES (41, '横山健太', 'BFoFEMxM2L', NULL, 'kentayok4@icloud.com', '(20) 6098 9422', 0, '2021-12-14 08:53:15', '2002-05-28 04:55:40', 0);
INSERT INTO `yx_sys_users` VALUES (42, '遠藤玲奈', 'ipFq5of6kb', NULL, 'endo1016@hotmail.com', '3-0366-7576', 1, '2005-07-23 19:49:25', '2024-01-08 21:12:49', 1);
INSERT INTO `yx_sys_users` VALUES (43, '佐藤拓哉', 'o23SjFs4Bh', NULL, 'satotakuy@outlook.com', '5197 399254', 1, '2021-09-27 12:57:14', '2013-05-13 11:48:49', 1);
INSERT INTO `yx_sys_users` VALUES (44, '宮本美月', 'E6W2IQZgwv', NULL, 'mm703@gmail.com', '760-2903-4830', 1, '2016-03-23 13:35:54', '2008-03-18 16:47:48', 1);
INSERT INTO `yx_sys_users` VALUES (45, '胡小慧', 'ekepztzDMC', NULL, 'wusiuwa@hotmail.com', '5459 959532', 1, '2006-11-17 14:27:44', '2011-04-19 05:45:18', 0);
INSERT INTO `yx_sys_users` VALUES (46, '宣家明', 'UASXSPWM4d', NULL, 'kaminghsu@outlook.com', '70-4683-8602', 0, '2013-09-17 21:57:15', '2022-05-18 18:30:26', 1);
INSERT INTO `yx_sys_users` VALUES (47, '丸山大地', 'zP8OiIbPUu', NULL, 'mdaichi@icloud.com', '312-704-2978', 1, '2008-03-13 11:31:34', '2017-11-11 22:31:15', 0);
INSERT INTO `yx_sys_users` VALUES (48, '石井百恵', 'IVvb9NunMJ', NULL, 'mis52@icloud.com', '145-0182-5531', 1, '2016-09-05 04:51:08', '2006-01-16 03:04:56', 0);
INSERT INTO `yx_sys_users` VALUES (49, '任家輝', 'kmDpshmP9U', NULL, 'ykf3@outlook.com', '614-145-2701', 0, '2016-03-21 10:40:19', '2008-07-12 15:38:56', 0);
INSERT INTO `yx_sys_users` VALUES (50, '菅原詩乃', 'MVleSrxzCv', NULL, 'shino2@hotmail.com', '5626 396426', 0, '2013-10-17 22:59:39', '2015-08-19 18:00:05', 0);
INSERT INTO `yx_sys_users` VALUES (51, '新井架純', 'p13dXNnNgR', NULL, 'kara529@icloud.com', '66-452-3208', 0, '2020-07-15 23:11:19', '2012-05-27 13:26:27', 0);
INSERT INTO `yx_sys_users` VALUES (52, '胡學友', 'D4AgS9Vwu9', NULL, 'hokyauwu@gmail.com', '80-6731-5355', 0, '2009-12-03 03:14:53', '2000-06-01 22:51:29', 1);
INSERT INTO `yx_sys_users` VALUES (53, '宮本瑛太', 'e0vhyx8TSX', NULL, 'eitam1122@outlook.com', '7519 816734', 1, '2021-10-09 09:20:19', '2023-04-15 05:46:23', 1);
INSERT INTO `yx_sys_users` VALUES (54, '馬慧敏', 'f23gR0MXEw', NULL, 'waimanma70@gmail.com', '5637 132733', 0, '2013-01-23 06:15:48', '2012-01-07 11:23:01', 0);
INSERT INTO `yx_sys_users` VALUES (55, '田村美緒', 'WeOxR337QM', NULL, 'mio418@gmail.com', '(20) 7439 8187', 0, '2022-08-05 12:16:37', '2019-03-18 02:33:32', 0);
INSERT INTO `yx_sys_users` VALUES (56, '藤原明菜', '6p5pjCioan', NULL, 'fujiwara4@icloud.com', '11-444-1945', 0, '2016-02-29 22:33:34', '2016-07-03 14:50:05', 0);
INSERT INTO `yx_sys_users` VALUES (57, '鄭朝偉', 'R3iPFRi9PE', NULL, 'ccw7@outlook.com', '155-8930-7552', 1, '2019-01-15 15:20:12', '2001-06-13 12:12:27', 1);
INSERT INTO `yx_sys_users` VALUES (58, '岩崎大輔', 'MHTnSoLNc8', NULL, 'iwasakidaisuke@outlook.com', '838-556-0713', 0, '2009-09-18 09:12:52', '2019-06-14 15:15:58', 1);
INSERT INTO `yx_sys_users` VALUES (59, '青木美月', 'Bm1Pu8knum', NULL, 'mita@hotmail.com', '755-580-7548', 0, '2023-01-16 04:42:47', '2012-06-12 22:32:46', 1);
INSERT INTO `yx_sys_users` VALUES (60, '尹富城', 'CGaPtINksF', NULL, 'fushingy@icloud.com', '70-4675-6356', 0, '2008-02-15 20:06:56', '2008-08-12 20:00:31', 0);
INSERT INTO `yx_sys_users` VALUES (61, '李榮發', 'PhvGEVlQXa', NULL, 'leewf520@hotmail.com', '74-362-1617', 0, '2019-11-16 21:35:32', '2012-09-26 06:51:01', 1);
INSERT INTO `yx_sys_users` VALUES (62, '梁慧儀', 'G7Ehg7v33V', NULL, 'waiyeel707@gmail.com', '145-9404-8513', 0, '2003-07-30 19:40:40', '2023-02-23 11:43:13', 0);
INSERT INTO `yx_sys_users` VALUES (63, '佘學友', 'dFbFDWlHTh', NULL, 'hokyau72@gmail.com', '3-8982-4523', 0, '2021-07-24 06:45:21', '2001-10-23 07:42:19', 1);
INSERT INTO `yx_sys_users` VALUES (64, '藍志遠', 'M1uVJYTRjx', NULL, 'cyla@outlook.com', '90-9963-6462', 0, '2018-08-14 10:10:49', '2016-05-12 13:55:20', 1);
INSERT INTO `yx_sys_users` VALUES (65, '翁仲賢', 'S5N61vnlqP', NULL, 'chungyinyu@mail.com', '5830 371187', 1, '2017-05-17 08:31:22', '2013-01-25 23:37:52', 1);
INSERT INTO `yx_sys_users` VALUES (66, '宮本優奈', 'ZGioLwzRnM', NULL, 'yunamiyamoto@gmail.com', '(20) 1386 0001', 1, '2024-02-17 11:17:43', '2016-07-03 07:29:06', 1);
INSERT INTO `yx_sys_users` VALUES (67, '湯青雲', 'OdqbE42sxb', NULL, 'chingwanton@icloud.com', '(151) 538 5961', 0, '2000-09-09 03:09:12', '2022-08-24 17:17:14', 1);
INSERT INTO `yx_sys_users` VALUES (68, '梁志明', 'XvB30ZvsID', NULL, 'leungchiming@gmail.com', '70-0055-0754', 1, '2023-02-06 00:19:54', '2022-02-15 23:48:48', 1);
INSERT INTO `yx_sys_users` VALUES (69, '藍祖兒', 'xggaRyKAbb', NULL, 'lacy@gmail.com', '28-3224-5714', 1, '2000-06-06 11:02:50', '2023-09-28 08:50:28', 1);
INSERT INTO `yx_sys_users` VALUES (70, '井上優奈', 'TmnX5iPhK5', NULL, 'yuinou@mail.com', '5401 021819', 0, '2001-02-05 13:12:16', '2022-10-21 07:38:46', 1);
INSERT INTO `yx_sys_users` VALUES (71, '三浦架純', '45Pf5OlBmP', NULL, 'miukasum@outlook.com', '90-5107-1991', 0, '2007-07-28 16:35:53', '2003-02-03 08:42:56', 1);
INSERT INTO `yx_sys_users` VALUES (72, '胡詩君', 'H0bU19SigK', NULL, 'szekwanwu@outlook.com', '769-599-2768', 1, '2004-04-23 14:16:45', '2024-01-07 15:01:14', 0);
INSERT INTO `yx_sys_users` VALUES (73, '新井美咲', 'BZJ0bHbaPA', NULL, 'misakarai@outlook.com', '66-064-2421', 1, '2005-05-30 02:21:04', '2020-08-29 00:14:25', 0);
INSERT INTO `yx_sys_users` VALUES (74, '岡田大地', '5PKAboObp8', NULL, 'odaichi@gmail.com', '80-9214-3399', 0, '2005-11-29 11:12:58', '2012-11-20 02:50:26', 1);
INSERT INTO `yx_sys_users` VALUES (75, '岩崎百花', '4iBRzz3sDL', NULL, 'iwasm1977@outlook.com', '212-071-0412', 1, '2001-11-17 00:00:23', '2010-07-18 12:14:54', 0);
INSERT INTO `yx_sys_users` VALUES (76, '邵梓晴', 'oHGFlb6xHt', NULL, 'tszchingsiu@outlook.com', '168-2035-7621', 0, '2003-03-16 02:33:52', '2016-01-10 10:18:49', 1);
INSERT INTO `yx_sys_users` VALUES (77, '佐々木架純', 'q58h0CWB1B', NULL, 'ksasaki@outlook.com', '11-484-4266', 1, '2015-01-08 00:34:36', '2005-05-13 18:32:41', 0);
INSERT INTO `yx_sys_users` VALUES (78, '丸山翼', 'nIj6phv37a', NULL, 'maruyt@hotmail.com', '21-189-8600', 1, '2006-11-19 03:19:27', '2009-08-14 17:22:00', 0);
INSERT INTO `yx_sys_users` VALUES (79, '苗明', 'JUWmwqVz2e', NULL, 'miming@icloud.com', '614-676-9118', 0, '2002-08-11 20:05:37', '2012-03-19 02:53:56', 0);
INSERT INTO `yx_sys_users` VALUES (80, '盧德華', 'RN5vFGPZLg', NULL, 'lotakwah@yahoo.com', '(1865) 23 0430', 0, '2009-12-12 09:12:32', '2014-07-06 17:02:21', 1);
INSERT INTO `yx_sys_users` VALUES (81, '原陸', 'QGLXUF6pFW', NULL, 'hararik@icloud.com', '212-370-6197', 0, '2016-06-29 06:39:02', '2003-01-12 14:21:22', 0);
INSERT INTO `yx_sys_users` VALUES (82, '苗俊宇', 'ssy0KfSDsv', NULL, 'mich@outlook.com', '(1223) 71 1548', 0, '2008-09-08 04:19:05', '2012-11-28 15:39:13', 1);
INSERT INTO `yx_sys_users` VALUES (83, '胡秀文', 'WSc5XWew2s', NULL, 'wusm2@icloud.com', '(1865) 45 3447', 0, '2001-05-13 13:55:42', '2003-08-11 04:22:21', 1);
INSERT INTO `yx_sys_users` VALUES (84, '薛永發', '2ROMvZGPtt', NULL, 'wingfatsi803@outlook.com', '330-597-6769', 1, '2012-08-20 19:31:24', '2020-04-01 01:31:11', 0);
INSERT INTO `yx_sys_users` VALUES (85, '郭詠詩', 'qDoSmZes3P', NULL, 'wingsze4@hotmail.com', '52-460-5699', 1, '2003-12-17 19:48:43', '2007-03-28 23:09:32', 1);
INSERT INTO `yx_sys_users` VALUES (86, '馮霆鋒', '82RvnguTQL', NULL, 'fung224@icloud.com', '(151) 965 2207', 1, '2004-08-30 02:16:45', '2023-09-09 08:16:56', 0);
INSERT INTO `yx_sys_users` VALUES (87, '遠藤玲奈', 'Y69zQzIrOE', NULL, 'endoren@gmail.com', '136-5853-0876', 0, '2005-01-14 00:05:33', '2018-10-16 20:11:23', 1);
INSERT INTO `yx_sys_users` VALUES (88, '鐘浩然', 'wkd6yuz3TF', NULL, 'hoyin8@outlook.com', '5644 151224', 1, '2016-12-15 01:33:22', '2008-06-01 19:47:12', 1);
INSERT INTO `yx_sys_users` VALUES (89, '原大和', 'zOnLiEVgSD', NULL, 'haryama@yahoo.com', '838-956-4931', 0, '2020-10-16 04:23:38', '2017-07-03 19:32:59', 0);
INSERT INTO `yx_sys_users` VALUES (90, '蔡浩然', 'CcCNRX81FU', NULL, 'hycho@gmail.com', '(1865) 04 2018', 0, '2007-09-11 16:12:35', '2013-11-01 04:33:36', 1);
INSERT INTO `yx_sys_users` VALUES (91, '蔡惠敏', 'UIYWz54kK7', NULL, 'waimachoi@gmail.com', '80-2184-8512', 0, '2020-12-09 15:49:18', '2022-09-01 22:39:28', 1);
INSERT INTO `yx_sys_users` VALUES (92, '森凛', 'I8SQvKaTMm', NULL, 'mori3@gmail.com', '80-1023-2160', 1, '2009-09-18 19:58:21', '2022-08-21 13:41:09', 1);
INSERT INTO `yx_sys_users` VALUES (93, '孫天樂', 'bEBWoSWvoZ', NULL, 'hsuatinlok@outlook.com', '70-4334-7807', 1, '2006-09-17 00:32:26', '2018-07-12 13:01:42', 1);
INSERT INTO `yx_sys_users` VALUES (94, '林天樂', 'ReCQtl462y', NULL, 'tllam@gmail.com', '(1223) 84 5683', 0, '2004-03-30 03:55:25', '2023-01-21 16:29:50', 0);
INSERT INTO `yx_sys_users` VALUES (95, '何家強', 'zsZ8xF5gJW', NULL, 'kakeungho@outlook.com', '(151) 046 1922', 0, '2023-12-31 17:20:04', '2021-10-21 20:03:53', 0);
INSERT INTO `yx_sys_users` VALUES (96, '何俊宇', 'j73s7RCas7', NULL, 'chunyu7@icloud.com', '213-214-7242', 1, '2011-05-30 10:17:10', '2014-08-03 00:09:00', 0);
INSERT INTO `yx_sys_users` VALUES (97, '佐藤百花', 'hGc3jRhCF8', NULL, 'satomomoka628@icloud.com', '5684 211650', 0, '2010-08-28 06:46:58', '2008-01-08 07:11:27', 1);
INSERT INTO `yx_sys_users` VALUES (98, '戚秀文', 'NrZQrmhywv', NULL, 'smchic5@outlook.com', '177-5253-8747', 0, '2020-12-17 12:57:17', '2002-08-05 12:02:21', 0);
INSERT INTO `yx_sys_users` VALUES (99, '黎慧珊', 'zeZx1S1xgR', NULL, 'laiws@gmail.com', '769-524-7697', 1, '2016-04-05 14:44:31', '2004-01-20 13:32:12', 0);
INSERT INTO `yx_sys_users` VALUES (100, '官慧琳', 'f7WGm1HDq8', NULL, 'koonwl@outlook.com', '(20) 3129 4981', 0, '2023-01-02 02:51:40', '2023-01-29 06:53:25', 0);
INSERT INTO `yx_sys_users` VALUES (101, '村田光', 'oVm9EYqrLB', NULL, 'mhika@outlook.com', '193-2761-7044', 0, '2004-05-21 12:54:50', '2022-09-24 02:00:35', 1);
INSERT INTO `yx_sys_users` VALUES (102, '野口大輔', 'mHWMaBtkKB', NULL, 'daisuke8@hotmail.com', '614-945-3396', 0, '2015-08-31 07:06:55', '2009-07-01 19:19:23', 1);
INSERT INTO `yx_sys_users` VALUES (103, '山本陽太', 'ZXriWPJpji', NULL, 'yotayamam6@icloud.com', '614-093-0219', 1, '2019-01-17 01:51:35', '2023-01-16 10:41:49', 1);
INSERT INTO `yx_sys_users` VALUES (104, '高木美緒', 'g5VWLV6YvE', NULL, 'tamio@icloud.com', '70-1928-8829', 0, '2006-05-29 17:01:45', '2013-11-12 01:31:46', 1);
INSERT INTO `yx_sys_users` VALUES (105, '松田架純', 'ElGkkOJffb', NULL, 'matsudakasumi@outlook.com', '769-0068-7145', 1, '2017-01-07 15:27:52', '2010-03-15 16:34:57', 0);
INSERT INTO `yx_sys_users` VALUES (106, '今井桜', 'KaMGiuB0d6', NULL, 'sakura5@yahoo.com', '838-693-1084', 0, '2000-12-30 23:08:59', '2013-03-29 21:17:13', 0);
INSERT INTO `yx_sys_users` VALUES (107, '石田愛梨', 'KC3wo7AgXd', NULL, 'ishairi94@gmail.com', '21-579-9082', 1, '2015-06-16 18:23:09', '2019-02-08 16:22:38', 1);
INSERT INTO `yx_sys_users` VALUES (108, '渡辺百花', 'G0ObSsOHHF', NULL, 'momsat@outlook.com', '5633 409698', 0, '2020-11-14 16:43:09', '2020-05-06 08:32:39', 1);
INSERT INTO `yx_sys_users` VALUES (109, '酒井大地', 'paRPX2TDwt', NULL, 'sd407@mail.com', '(151) 895 1482', 1, '2013-07-20 15:46:18', '2013-04-29 21:16:09', 0);
INSERT INTO `yx_sys_users` VALUES (110, '樊嘉欣', 'LLyjgbsIxw', NULL, 'karyanfa@gmail.com', '(161) 728 9863', 0, '2019-07-17 00:44:19', '2016-12-28 17:00:19', 0);
INSERT INTO `yx_sys_users` VALUES (111, '内田和真', '6D2i1CTb5f', NULL, 'uchika@gmail.com', '3-4992-1300', 1, '2008-11-11 09:24:41', '2007-07-30 17:14:39', 1);
INSERT INTO `yx_sys_users` VALUES (112, '彭浩然', 'MaqQHf0o4H', NULL, 'pang95@yahoo.com', '(121) 285 3981', 0, '2008-11-13 05:03:46', '2005-02-21 13:03:03', 1);
INSERT INTO `yx_sys_users` VALUES (113, '姚青雲', 'Z8QPB5QrOn', NULL, 'chingwanyeow807@outlook.com', '312-399-4196', 0, '2020-03-02 07:48:21', '2009-08-22 04:50:11', 1);
INSERT INTO `yx_sys_users` VALUES (114, '薛麗欣', '5aUAZbJFrJ', NULL, 'lysi10@gmail.com', '28-3077-0232', 0, '2020-06-03 07:17:24', '2008-10-10 02:57:01', 0);
INSERT INTO `yx_sys_users` VALUES (115, '中村彩乃', 'fROIi6zywJ', NULL, 'nakamuraay@outlook.com', '3-8880-9390', 0, '2018-03-15 06:26:00', '2005-08-27 05:22:23', 1);
INSERT INTO `yx_sys_users` VALUES (116, '盧霆鋒', 'Hno7cTuRN7', NULL, 'tingfunglo@hotmail.com', '196-0209-4123', 0, '2002-08-03 16:48:20', '2024-01-10 01:58:28', 1);
INSERT INTO `yx_sys_users` VALUES (117, '福田悠人', 'ctDXC3F6bh', NULL, 'fukudayuto@outlook.com', '7865 543486', 1, '2020-05-06 05:01:31', '2007-07-09 18:20:14', 1);
INSERT INTO `yx_sys_users` VALUES (118, '洪慧嫻', 'LxDcrD5qRT', NULL, 'whh1125@outlook.com', '166-1877-7817', 1, '2013-08-19 08:18:12', '2004-08-04 15:39:55', 1);
INSERT INTO `yx_sys_users` VALUES (119, '伍惠敏', 'dDzIbI62hr', NULL, 'ng1@mail.com', '(1223) 98 3874', 0, '2001-04-28 22:30:14', '2004-03-10 15:21:44', 1);
INSERT INTO `yx_sys_users` VALUES (120, '谷口美羽', 'MPlAr84pcT', NULL, 'miu2012@gmail.com', '132-5776-2837', 0, '2003-04-19 19:37:52', '2007-10-17 18:56:40', 1);
INSERT INTO `yx_sys_users` VALUES (121, '蘇俊宇', 'psvV6o3khw', NULL, 'so2@icloud.com', '70-1548-0995', 0, '2001-08-09 00:15:35', '2001-07-15 22:54:06', 1);
INSERT INTO `yx_sys_users` VALUES (122, '方家玲', 'YPBOsJzFvs', NULL, 'fongkl@icloud.com', '(1223) 11 0226', 0, '2005-10-12 05:20:42', '2000-10-02 04:36:21', 0);
INSERT INTO `yx_sys_users` VALUES (123, '朱慧琳', 'sTNy1WoJfK', NULL, 'wlc@gmail.com', '5254 293586', 1, '2003-11-08 19:12:52', '2007-03-07 21:25:23', 1);
INSERT INTO `yx_sys_users` VALUES (124, '菊地聖子', '8wvN7apxF7', NULL, 'seikkikuchi@gmail.com', '173-1303-6316', 1, '2000-01-20 03:23:28', '2019-05-05 15:45:40', 1);
INSERT INTO `yx_sys_users` VALUES (125, '區浩然', 'vPwY3v5vz2', NULL, 'auho@outlook.com', '(20) 2277 1391', 1, '2020-02-04 10:55:01', '2012-01-24 06:12:38', 0);
INSERT INTO `yx_sys_users` VALUES (126, '三浦美月', '3INaz1SavR', NULL, 'mitsumi44@outlook.com', '70-3588-4217', 0, '2000-05-07 23:29:19', '2013-11-14 05:31:42', 1);
INSERT INTO `yx_sys_users` VALUES (127, '房志遠', 'enJLuq0wZZ', NULL, 'fong7@outlook.com', '760-763-6787', 1, '2012-02-02 22:11:16', '2022-10-29 16:27:56', 0);
INSERT INTO `yx_sys_users` VALUES (128, '安藤涼太', 'tpZlpSOjDB', NULL, 'ryotaando8@icloud.com', '148-0380-8681', 0, '2002-03-09 23:26:57', '2016-10-22 02:01:40', 1);
INSERT INTO `yx_sys_users` VALUES (129, '山崎紗良', 'pe9ELqacgt', NULL, 'yamazakis@icloud.com', '614-962-5157', 1, '2019-06-15 10:40:27', '2007-07-28 07:40:25', 0);
INSERT INTO `yx_sys_users` VALUES (130, '梁霆鋒', 'vEUWQvGzBr', NULL, 'leungtingfung@outlook.com', '186-7168-8275', 0, '2011-01-30 09:24:53', '2006-12-18 08:49:22', 1);
INSERT INTO `yx_sys_users` VALUES (131, '容國權', 'FxZCcjGv85', NULL, 'kwokkuen2@yahoo.com', '11-764-5910', 1, '2017-03-03 14:24:33', '2004-12-24 04:08:22', 1);
INSERT INTO `yx_sys_users` VALUES (132, '周家玲', 'wXidWYxTH2', NULL, 'kalichow1112@gmail.com', '176-9825-6224', 1, '2020-02-25 09:37:30', '2007-02-10 01:09:49', 0);
INSERT INTO `yx_sys_users` VALUES (133, '邱淑怡', 'SHCQiV1eVd', NULL, 'syy@gmail.com', '3-0053-8104', 1, '2017-09-21 01:25:33', '2008-10-02 12:46:40', 0);
INSERT INTO `yx_sys_users` VALUES (134, '戴思妤', 'bLbLX3p35M', NULL, 'szeyu05@yahoo.com', '(121) 351 0716', 0, '2010-02-16 02:20:05', '2003-12-13 17:26:19', 1);
INSERT INTO `yx_sys_users` VALUES (135, '蕭志明', '6CTxQvEkKf', NULL, 'chimis912@gmail.com', '180-7138-5792', 1, '2007-01-22 00:16:59', '2010-11-27 05:24:07', 1);
INSERT INTO `yx_sys_users` VALUES (136, '姜潤發', 'k2p0lbCsxH', NULL, 'cyunf1014@outlook.com', '330-613-8278', 0, '2020-10-18 21:04:11', '2021-02-02 04:23:12', 1);
INSERT INTO `yx_sys_users` VALUES (137, '森田架純', '2dM4ac0LNm', NULL, 'kasumim@gmail.com', '198-3812-5976', 1, '2019-07-19 15:47:46', '2008-11-11 03:18:17', 0);
INSERT INTO `yx_sys_users` VALUES (138, '田村樹', '0oSgujk2WS', NULL, 'itamu@outlook.com', '20-7162-3574', 0, '2001-03-12 19:37:20', '2006-02-06 05:33:07', 1);
INSERT INTO `yx_sys_users` VALUES (139, '小山花', '5Mmynukgql', NULL, 'koyama9@yahoo.com', '(151) 782 7629', 0, '2016-02-19 04:13:57', '2000-12-26 14:50:47', 1);
INSERT INTO `yx_sys_users` VALUES (140, '菅原百恵', 'vxjJB6HI6S', NULL, 'sugamomoe@mail.com', '3-6592-2106', 0, '2019-08-10 10:03:08', '2007-04-07 01:10:15', 1);
INSERT INTO `yx_sys_users` VALUES (141, '藍浩然', 'UAX9AG2Qwq', NULL, 'hoyinlam@outlook.com', '212-484-8099', 0, '2020-08-14 04:25:34', '2009-04-26 00:56:28', 1);
INSERT INTO `yx_sys_users` VALUES (142, '小島架純', 'sp4k5B5Pq1', NULL, 'kokasumi1989@outlook.com', '312-656-3737', 0, '2000-11-30 22:54:00', '2012-10-12 12:16:02', 0);
INSERT INTO `yx_sys_users` VALUES (143, '應榮發', 'lslEECKwCn', NULL, 'wfying@gmail.com', '28-836-5963', 1, '2014-07-23 13:07:42', '2007-03-22 06:21:28', 1);
INSERT INTO `yx_sys_users` VALUES (144, '三浦大地', '0efcPdFdKd', NULL, 'miudaichi@hotmail.com', '28-1283-8341', 1, '2014-08-11 08:46:02', '2017-06-05 16:42:13', 0);
INSERT INTO `yx_sys_users` VALUES (145, '白朝偉', 'ZG2KMWg145', NULL, 'pakchiuwai@hotmail.com', '20-8393-4844', 1, '2020-09-15 01:46:55', '2005-09-29 10:44:49', 1);
INSERT INTO `yx_sys_users` VALUES (146, '西村七海', 'zjOlvh7Pkt', NULL, 'nishimurananami@hotmail.com', '614-676-2242', 1, '2021-09-06 14:55:40', '2000-05-26 17:54:22', 1);
INSERT INTO `yx_sys_users` VALUES (147, '木村陽太', '5B2yZgkIw8', NULL, 'yotakimur@outlook.com', '213-771-2750', 0, '2001-12-16 05:30:24', '2010-12-27 11:32:50', 1);
INSERT INTO `yx_sys_users` VALUES (148, '藤田大輔', 'bxwCJ0xfyU', NULL, 'dfujit@icloud.com', '52-064-1970', 1, '2016-11-09 13:16:07', '2003-02-18 18:54:57', 1);
INSERT INTO `yx_sys_users` VALUES (149, '盧明詩', '0puG1xKWQ9', NULL, 'mingszelo95@icloud.com', '330-805-2953', 0, '2010-10-19 03:51:25', '2012-07-24 16:07:41', 1);
INSERT INTO `yx_sys_users` VALUES (150, '河野桜', 'UsO2htbtUI', NULL, 'konosakur1220@hotmail.com', '312-574-0650', 0, '2020-04-28 21:51:30', '2022-08-23 07:02:33', 1);
INSERT INTO `yx_sys_users` VALUES (151, '許天樂', 'Ty4Sw1xopA', NULL, 'huitl@hotmail.com', '11-943-3630', 1, '2000-02-20 14:01:03', '2014-04-26 11:46:34', 1);
INSERT INTO `yx_sys_users` VALUES (152, '周志明', 'kmhd6c1heX', NULL, 'cmchow422@gmail.com', '760-093-7602', 1, '2008-12-08 10:04:16', '2022-08-27 13:11:10', 1);
INSERT INTO `yx_sys_users` VALUES (153, '酒井紗良', 'Em3PXGjycA', NULL, 'sakai10@gmail.com', '(1223) 78 4061', 0, '2008-08-09 00:25:20', '2010-05-11 12:04:32', 0);
INSERT INTO `yx_sys_users` VALUES (154, '工藤翼', '0jxvRyL7E2', NULL, 'kudot@yahoo.com', '(116) 847 2463', 1, '2010-09-13 15:05:21', '2018-04-08 09:38:25', 0);
INSERT INTO `yx_sys_users` VALUES (155, '上田舞', 'LRhGyFtTfz', NULL, 'uedam@gmail.com', '7879 593919', 0, '2023-03-29 21:07:28', '2004-02-17 18:37:07', 1);
INSERT INTO `yx_sys_users` VALUES (156, '高裕玲', 'SsGAjbBl1T', NULL, 'yulingkao@outlook.com', '178-1032-2423', 1, '2004-07-24 21:16:51', '2022-11-06 05:44:03', 0);
INSERT INTO `yx_sys_users` VALUES (157, '武田百花', 'bC9lFdauOd', NULL, 'takedamomoka1992@yahoo.com', '(151) 869 5201', 0, '2015-05-22 21:49:37', '2006-04-25 08:25:35', 1);
INSERT INTO `yx_sys_users` VALUES (158, '石川百恵', '6ucNDSrDe2', NULL, 'momishi8@gmail.com', '330-577-5688', 0, '2020-08-01 17:06:08', '2010-03-16 05:42:43', 0);
INSERT INTO `yx_sys_users` VALUES (159, '原拓哉', 'vRLDLTNbC4', NULL, 'haratakuya@gmail.com', '7595 822113', 0, '2003-01-10 11:29:11', '2017-12-29 03:26:40', 0);
INSERT INTO `yx_sys_users` VALUES (160, '工藤百花', 'g3SlrK4l2k', NULL, 'kudom@gmail.com', '5724 071862', 0, '2017-01-05 18:58:13', '2013-03-04 08:25:48', 0);
INSERT INTO `yx_sys_users` VALUES (161, '松田結翔', 'VcyIGFgJu8', NULL, 'yuitomat@outlook.com', '10-9019-6364', 0, '2021-09-09 07:48:28', '2008-09-24 11:14:44', 1);
INSERT INTO `yx_sys_users` VALUES (162, '斉藤架純', 'gYaxWraPO3', NULL, 'kasums2@outlook.com', '(1865) 78 6878', 0, '2022-01-29 00:53:10', '2023-02-28 00:25:09', 0);
INSERT INTO `yx_sys_users` VALUES (163, '三浦蒼士', 'sxgI0q5dYw', NULL, 'aosmiur@mail.com', '137-6337-9417', 0, '2010-09-24 16:41:04', '2019-10-09 00:01:37', 1);
INSERT INTO `yx_sys_users` VALUES (164, '小林涼太', 'a4O1u3CWRW', NULL, 'kobryota9@outlook.com', '5184 362404', 1, '2005-01-28 23:16:20', '2016-08-22 19:40:11', 0);
INSERT INTO `yx_sys_users` VALUES (165, '藤井百花', 'aUZpUXGpAB', NULL, 'fmomoka819@icloud.com', '755-3093-4463', 1, '2012-07-18 00:14:51', '2023-06-10 19:16:09', 0);
INSERT INTO `yx_sys_users` VALUES (166, '前田光', 'zOJpP1gTRR', NULL, 'hikarumaeda@gmail.com', '156-4577-2840', 1, '2016-02-03 06:35:57', '2023-05-25 11:43:23', 1);
INSERT INTO `yx_sys_users` VALUES (167, '任慧琳', '3bvTaeLjKt', NULL, 'wailam6@gmail.com', '184-5777-8107', 1, '2021-09-21 10:01:08', '2005-05-27 16:24:43', 0);
INSERT INTO `yx_sys_users` VALUES (168, '林光', 'KFIpfR9hFi', NULL, 'hikaru9@gmail.com', '212-313-8163', 0, '2018-04-08 11:54:27', '2005-10-20 09:41:05', 1);
INSERT INTO `yx_sys_users` VALUES (169, '佐々木凛', 'iQgn9FyHGd', NULL, 'sasar@hotmail.com', '614-573-7444', 0, '2006-09-02 05:45:14', '2008-11-28 04:44:42', 0);
INSERT INTO `yx_sys_users` VALUES (170, '蕭詠詩', 'N45BHp0Yah', NULL, 'siuwingsze7@outlook.com', '165-2083-3435', 0, '2013-04-23 03:41:50', '2023-03-31 14:24:30', 0);
INSERT INTO `yx_sys_users` VALUES (171, '曾家玲', 'n8msAfS1L0', NULL, 'klt831@outlook.com', '90-7196-0614', 1, '2023-07-15 13:21:34', '2019-09-09 11:39:12', 1);
INSERT INTO `yx_sys_users` VALUES (172, '谷口陸', 'woLrUJow2d', NULL, 'taniguchi1104@icloud.com', '199-6821-5737', 1, '2021-07-10 08:35:32', '2021-07-18 17:00:06', 1);
INSERT INTO `yx_sys_users` VALUES (173, '青木大地', 'Xdr2tkBTgr', NULL, 'daichi40@outlook.com', '10-0450-7319', 0, '2002-05-22 23:51:19', '2011-02-08 01:08:52', 0);
INSERT INTO `yx_sys_users` VALUES (174, '安藤陽太', 'yeGr8u6sjl', NULL, 'yotaa1972@mail.com', '180-4481-6272', 1, '2020-09-26 18:51:23', '2015-05-30 14:56:13', 1);
INSERT INTO `yx_sys_users` VALUES (175, '岡田陽太', 'wv16vzZr5x', NULL, 'yota73@icloud.com', '213-517-8850', 0, '2006-08-03 13:50:38', '2016-06-23 15:16:53', 0);
INSERT INTO `yx_sys_users` VALUES (176, '杉山陽太', 'OKACr9nYyk', NULL, 'yota1205@outlook.com', '80-7465-6371', 1, '2003-07-29 19:25:46', '2020-06-01 05:46:05', 0);
INSERT INTO `yx_sys_users` VALUES (177, '斉藤悠人', 'blKrqoYrMo', NULL, 'yutosaito4@yahoo.com', '718-463-7866', 0, '2018-02-12 01:59:39', '2022-10-10 17:49:38', 0);
INSERT INTO `yx_sys_users` VALUES (178, '高惠敏', 'uC0MTKo2jZ', NULL, 'waimkao@outlook.com', '(20) 8370 3728', 0, '2013-06-19 11:44:31', '2014-03-15 05:18:44', 1);
INSERT INTO `yx_sys_users` VALUES (179, '武田樹', '9GsjWUKXQi', NULL, 'itsukitake907@icloud.com', '838-558-3426', 0, '2012-05-06 22:20:05', '2014-08-14 06:12:17', 0);
INSERT INTO `yx_sys_users` VALUES (180, '苗淑怡', '5phSxEcG1B', NULL, 'miusy309@mail.com', '7903 641264', 1, '2018-07-16 03:00:45', '2022-11-04 21:47:12', 0);
INSERT INTO `yx_sys_users` VALUES (181, '江詠詩', 'z2EEGAIdvT', NULL, 'kongwingsze4@yahoo.com', '718-952-5128', 0, '2014-07-10 03:47:11', '2009-03-26 13:07:15', 1);
INSERT INTO `yx_sys_users` VALUES (182, '福田海斗', 'uLwvENfc59', NULL, 'kaitofukud@gmail.com', '175-8704-5426', 0, '2023-02-18 16:22:10', '2023-06-04 22:11:32', 0);
INSERT INTO `yx_sys_users` VALUES (183, '樂志遠', 'J3rMOo8dpH', NULL, 'lok924@outlook.com', '718-803-2027', 1, '2011-10-20 13:08:07', '2015-11-21 07:59:42', 0);
INSERT INTO `yx_sys_users` VALUES (184, '丸山瑛太', 'tstd8lvFQR', NULL, 'eim@outlook.com', '755-0852-9794', 0, '2019-11-29 03:35:29', '2014-12-24 22:25:53', 1);
INSERT INTO `yx_sys_users` VALUES (185, '狄志遠', 'OjovzQbmEn', NULL, 'ti8@outlook.com', '70-6982-0763', 0, '2006-04-29 09:51:15', '2004-08-02 03:26:05', 1);
INSERT INTO `yx_sys_users` VALUES (186, '今井葉月', 'SZdiJKtWsQ', NULL, 'hazuki8@gmail.com', '614-445-6282', 0, '2007-08-01 15:32:59', '2010-06-20 15:03:48', 0);
INSERT INTO `yx_sys_users` VALUES (187, '松本大輔', 'dsbwvsa7JH', NULL, 'daisukematsumoto1992@hotmail.com', '28-5374-9132', 0, '2016-05-26 21:18:50', '2009-03-13 13:49:53', 1);
INSERT INTO `yx_sys_users` VALUES (188, '姚明詩', 'MaVqxrEw1Q', NULL, 'mingszeyeow@gmail.com', '193-7801-5719', 1, '2014-11-17 17:39:18', '2018-10-12 22:57:19', 1);
INSERT INTO `yx_sys_users` VALUES (189, '加藤葉月', 'JIvaxqtJh0', NULL, 'katoh@icloud.com', '5352 721198', 0, '2020-03-27 00:56:59', '2003-08-17 22:05:41', 1);
INSERT INTO `yx_sys_users` VALUES (190, '雷玲玲', '1utsCN4p3Q', NULL, 'linglingloui9@hotmail.com', '614-286-4084', 1, '2013-07-01 23:57:37', '2005-06-10 06:56:24', 0);
INSERT INTO `yx_sys_users` VALUES (191, '太田陽太', 't9H5VCUgB1', NULL, 'oyota@outlook.com', '838-605-7780', 1, '2011-10-15 18:55:29', '2021-09-15 23:41:54', 0);
INSERT INTO `yx_sys_users` VALUES (192, '梅明詩', 'OGGMoKvhd8', NULL, 'minmui@icloud.com', '7660 868698', 1, '2014-07-06 04:37:12', '2018-08-31 18:26:14', 1);
INSERT INTO `yx_sys_users` VALUES (193, '戴思妤', 'bOcjQZS2h3', NULL, 'daisy@outlook.com', '11-573-0917', 1, '2018-05-30 03:50:05', '2000-02-04 22:08:05', 1);
INSERT INTO `yx_sys_users` VALUES (194, '高木七海', 'mYNB7GfVCF', NULL, 'nanatakagi@gmail.com', '28-064-0685', 0, '2017-09-28 20:49:04', '2012-06-28 23:25:46', 0);
INSERT INTO `yx_sys_users` VALUES (195, '市川蒼士', 'CoKy8WVcoG', NULL, 'ichao1956@gmail.com', '5058 796580', 1, '2018-07-20 00:20:49', '2018-11-12 19:03:53', 1);
INSERT INTO `yx_sys_users` VALUES (196, '工藤陸', 'ETwzkY6WUu', NULL, 'kr1998@icloud.com', '(116) 815 7977', 0, '2006-08-02 13:37:07', '2020-03-10 06:04:04', 1);
INSERT INTO `yx_sys_users` VALUES (197, '菊地架純', 'WHZ2FuPBOa', NULL, 'kikuchi1967@gmail.com', '5130 006183', 0, '2006-05-05 03:39:09', '2015-02-27 23:00:54', 0);
INSERT INTO `yx_sys_users` VALUES (198, '田中蓮', 'do1q9G9ZTy', NULL, 'ren51@yahoo.com', '(1223) 36 1284', 1, '2003-01-25 21:00:13', '2008-01-21 13:23:11', 0);
INSERT INTO `yx_sys_users` VALUES (199, '崔富城', 'NJya1eLtlX', NULL, 'choifs@gmail.com', '21-4147-8304', 1, '2023-12-10 23:32:00', '2003-05-29 18:56:23', 1);
INSERT INTO `yx_sys_users` VALUES (200, '山下舞', '86rUPQFEsV', NULL, 'my5@icloud.com', '7651 233936', 0, '2014-05-13 07:08:08', '2004-06-17 10:56:55', 0);
INSERT INTO `yx_sys_users` VALUES (201, '高慧敏', 'rERRrfz0to', NULL, 'waikao@outlook.com', '330-646-7620', 1, '2008-02-05 11:36:19', '2003-02-01 06:00:01', 1);
INSERT INTO `yx_sys_users` VALUES (202, '工藤光莉', 'iJke7dgXdM', NULL, 'kudohikari5@gmail.com', '70-2916-4516', 1, '2003-11-21 18:26:39', '2010-12-07 02:13:17', 0);
INSERT INTO `yx_sys_users` VALUES (203, '大塚美月', 'nlvAt3pBHt', NULL, 'mitsukio@icloud.com', '70-6827-5919', 0, '2007-12-04 19:49:45', '2017-06-13 17:14:40', 1);
INSERT INTO `yx_sys_users` VALUES (204, '西村拓哉', 'mTz4rpk7oA', NULL, 'takuya107@hotmail.com', '(116) 573 8367', 0, '2011-03-23 20:27:54', '2007-11-02 08:14:08', 1);
INSERT INTO `yx_sys_users` VALUES (205, '朱國權', '00QjilHqiA', NULL, 'kwokkuenchu17@gmail.com', '213-589-4302', 0, '2001-08-24 20:54:36', '2007-11-20 09:57:36', 1);
INSERT INTO `yx_sys_users` VALUES (206, '黃永權', 'Ge3drQ9LHn', NULL, 'wonwi6@mail.com', '614-254-8683', 0, '2004-09-25 17:16:34', '2005-11-12 17:04:20', 0);
INSERT INTO `yx_sys_users` VALUES (207, '許安娜', 'suDnDc5cHr', NULL, 'onna315@outlook.com', '7478 375588', 1, '2016-08-22 09:23:53', '2018-08-27 22:07:13', 0);
INSERT INTO `yx_sys_users` VALUES (208, '後藤涼太', 'ueBysVlg64', NULL, 'gryota626@icloud.com', '5176 107396', 0, '2013-02-10 15:44:22', '2004-10-26 06:33:04', 0);
INSERT INTO `yx_sys_users` VALUES (209, '渡部絢斗', 'BoCtLe1iqw', NULL, 'wayato@yahoo.com', '7342 690977', 0, '2003-11-18 11:16:01', '2017-09-07 10:24:37', 1);
INSERT INTO `yx_sys_users` VALUES (210, '鈴木光', 'UrLZ2tdo9m', NULL, 'suzuki2001@mail.com', '614-886-6598', 1, '2003-11-30 01:24:28', '2014-11-05 00:17:43', 0);
INSERT INTO `yx_sys_users` VALUES (211, '黎霆鋒', 'wd8wDLt6kJ', NULL, 'tingfung519@hotmail.com', '66-608-5540', 1, '2019-08-28 14:33:13', '2020-10-17 03:25:34', 1);
INSERT INTO `yx_sys_users` VALUES (212, '徐嘉欣', 'IJbEQIn0SZ', NULL, 'tsukarya@icloud.com', '5174 239317', 1, '2017-08-29 00:05:39', '2001-10-04 20:03:47', 1);
INSERT INTO `yx_sys_users` VALUES (213, '菊地葵', '5hDRGYGx5R', NULL, 'kikuchia@mail.com', '5303 640405', 1, '2015-06-24 13:03:47', '2013-05-12 21:36:34', 0);
INSERT INTO `yx_sys_users` VALUES (214, '和田花', 'JqEPJFREKQ', NULL, 'hanawa@mail.com', '10-2857-6471', 0, '2008-10-31 00:14:42', '2011-06-03 20:24:56', 0);
INSERT INTO `yx_sys_users` VALUES (215, '盧榮發', 'u3v5m6sa7q', NULL, 'wflo@icloud.com', '175-3793-9364', 0, '2017-07-22 12:19:01', '2008-12-24 22:47:42', 0);
INSERT INTO `yx_sys_users` VALUES (216, '岡本彩乃', 'MrRWQNUZCY', NULL, 'oay@outlook.com', '74-055-4916', 1, '2018-08-18 05:00:34', '2002-02-21 12:27:13', 0);
INSERT INTO `yx_sys_users` VALUES (217, '元家文', 'yE8yyaMkT0', NULL, 'yuenkm@icloud.com', '5688 978893', 0, '2003-02-25 03:17:50', '2003-04-20 16:37:29', 1);
INSERT INTO `yx_sys_users` VALUES (218, '莫心穎', 'o8f7UNvFZO', NULL, 'sumwing709@yahoo.com', '212-439-0023', 1, '2012-11-10 05:13:52', '2004-08-14 01:38:06', 0);
INSERT INTO `yx_sys_users` VALUES (219, '岡本優奈', 'fIZlVCQYTq', NULL, 'okamotoyuna@mail.com', '20-3408-9662', 0, '2022-12-27 09:12:44', '2008-10-28 01:12:43', 1);
INSERT INTO `yx_sys_users` VALUES (220, '元裕玲', 'E6VENBnoEw', NULL, 'yyl1212@gmail.com', '20-872-2266', 1, '2020-01-28 10:40:05', '2000-07-09 17:24:42', 0);
INSERT INTO `yx_sys_users` VALUES (221, '小川涼太', 'mRLf9jYVLs', NULL, 'ryotaog@outlook.com', '(1223) 23 4565', 0, '2000-06-06 05:24:26', '2002-05-07 11:54:36', 0);
INSERT INTO `yx_sys_users` VALUES (222, '三浦結翔', 'eTaV6GPKKd', NULL, 'miura1957@outlook.com', '838-637-6851', 1, '2005-02-09 02:53:10', '2009-08-27 14:48:24', 1);
INSERT INTO `yx_sys_users` VALUES (223, '中山紗良', 'MfReEs0H2B', NULL, 'nakayamasa12@icloud.com', '213-053-6090', 0, '2006-05-16 21:47:41', '2007-09-02 10:20:05', 0);
INSERT INTO `yx_sys_users` VALUES (224, '區力申', 'DVUd3GzEkc', NULL, 'aliksu@icloud.com', '838-439-5537', 0, '2014-03-04 23:40:14', '2015-04-19 12:10:40', 1);
INSERT INTO `yx_sys_users` VALUES (225, '和田光莉', 'wjGWpWSIiQ', NULL, 'wadah@gmail.com', '(20) 7822 6609', 0, '2011-12-25 05:16:47', '2005-02-26 13:02:34', 0);
INSERT INTO `yx_sys_users` VALUES (226, '呂富城', 'g8OuyKTQmk', NULL, 'lufs5@gmail.com', '10-6871-8593', 0, '2021-01-10 05:45:45', '2007-12-16 09:29:27', 1);
INSERT INTO `yx_sys_users` VALUES (227, '上田光', 'xNnaW96Eex', NULL, 'hueda@gmail.com', '330-741-4669', 0, '2006-04-15 19:46:28', '2018-04-08 12:10:32', 0);
INSERT INTO `yx_sys_users` VALUES (228, '崔玲玲', 'i3SsLPDNIp', NULL, 'llchoi@outlook.com', '80-7069-2291', 1, '2011-05-13 23:46:11', '2006-09-10 05:50:11', 1);
INSERT INTO `yx_sys_users` VALUES (229, '容仲賢', 'NwEoX4cWbz', NULL, 'chungyinyung1211@gmail.com', '(161) 786 9861', 1, '2020-12-12 04:35:40', '2006-05-27 03:35:27', 0);
INSERT INTO `yx_sys_users` VALUES (230, '杉山優奈', '4qwSbJDWDE', NULL, 'yusugiy@icloud.com', '138-9018-1553', 1, '2020-03-16 02:54:29', '2006-02-10 09:15:05', 1);
INSERT INTO `yx_sys_users` VALUES (231, '福田涼太', 'm5nNTPnx9I', NULL, 'ryfukuda@mail.com', '330-878-7526', 1, '2010-05-21 09:23:06', '2015-11-06 23:14:51', 1);
INSERT INTO `yx_sys_users` VALUES (232, '藤祖兒', 'WV3NUPRlVx', NULL, 'tangcy@mail.com', '176-2049-3442', 1, '2000-02-08 11:41:15', '2018-01-20 08:17:19', 0);
INSERT INTO `yx_sys_users` VALUES (233, '三浦紗良', 'DSryc4SRXi', NULL, 'saramiur2@icloud.com', '181-8360-3624', 0, '2022-06-09 14:13:42', '2006-06-03 07:52:23', 1);
INSERT INTO `yx_sys_users` VALUES (234, '有村明菜', 'TwS7o72DeX', NULL, 'arimura8@gmail.com', '5233 057860', 1, '2013-05-20 05:21:07', '2020-10-26 06:02:58', 1);
INSERT INTO `yx_sys_users` VALUES (235, '梅浩然', 'fq0wLauJer', NULL, 'muhoyin@gmail.com', '52-856-1592', 1, '2016-01-11 00:05:19', '2003-10-09 18:36:00', 0);
INSERT INTO `yx_sys_users` VALUES (236, '福田光莉', 'XG3ifLsZr4', NULL, 'fukuhi1001@yahoo.com', '614-208-6742', 1, '2021-09-20 01:04:20', '2006-11-13 02:34:38', 0);
INSERT INTO `yx_sys_users` VALUES (237, '佐藤美緒', 'XOvCCDUS1p', NULL, 'sami@hotmail.com', '70-7666-2200', 1, '2021-03-18 17:25:55', '2005-08-30 10:14:53', 0);
INSERT INTO `yx_sys_users` VALUES (238, '韓朝偉', 'phV0vuiN0A', NULL, 'chiuwaiha5@icloud.com', '66-593-5749', 0, '2000-10-26 05:44:54', '2020-03-22 19:51:32', 1);
INSERT INTO `yx_sys_users` VALUES (239, '原蓮', '9WB8EgSWbV', NULL, 'renha@hotmail.com', '(151) 022 5635', 0, '2010-12-26 18:47:54', '2003-02-28 07:47:54', 1);
INSERT INTO `yx_sys_users` VALUES (240, '曾潤發', 'YnPEu0TA5g', NULL, 'yftsang@mail.com', '838-966-1373', 1, '2020-01-30 17:41:55', '2012-02-18 18:13:05', 1);
INSERT INTO `yx_sys_users` VALUES (241, '岡田美羽', 'FxLLwhGJTX', NULL, 'om622@icloud.com', '5387 272659', 0, '2004-12-25 15:56:35', '2004-03-10 00:15:19', 0);
INSERT INTO `yx_sys_users` VALUES (242, '萬力申', 'tNdVvwJsdN', NULL, 'likm@gmail.com', '718-066-9777', 1, '2016-05-31 01:31:59', '2012-12-30 15:46:16', 0);
INSERT INTO `yx_sys_users` VALUES (243, '木村蒼士', '6mAquMs1HC', NULL, 'kimuraaoshi2@hotmail.com', '330-613-5696', 0, '2001-06-03 18:38:09', '2019-02-05 13:31:36', 1);
INSERT INTO `yx_sys_users` VALUES (244, '盧裕玲', 'gOD4ZX8Ytk', NULL, 'yulinglo1983@gmail.com', '10-906-3361', 0, '2000-12-30 14:26:00', '2013-12-01 20:09:44', 0);
INSERT INTO `yx_sys_users` VALUES (245, '陶安娜', 'H3U07Absef', NULL, 'ontao@outlook.com', '5321 086551', 0, '2015-01-20 02:26:31', '2002-05-22 09:19:58', 0);
INSERT INTO `yx_sys_users` VALUES (246, '菊地湊', 'JAinNLvGPM', NULL, 'kikuchim@yahoo.com', '614-738-3291', 1, '2016-01-03 16:38:46', '2013-01-30 17:06:20', 1);
INSERT INTO `yx_sys_users` VALUES (247, '鈴木絢斗', 'xcAWxHbetP', NULL, 'sua@mail.com', '212-751-4542', 1, '2009-06-13 02:39:12', '2012-09-30 12:01:02', 0);
INSERT INTO `yx_sys_users` VALUES (248, '武田結翔', '7wRryd6Y3Z', NULL, 'ytakeda517@mail.com', '135-2360-5779', 0, '2021-12-04 14:49:05', '2000-03-02 14:56:34', 0);
INSERT INTO `yx_sys_users` VALUES (249, '周祖兒', 'OfED6RR9SM', NULL, 'choyee85@icloud.com', '162-5583-3641', 1, '2000-03-15 11:05:34', '2009-11-01 09:36:58', 1);
INSERT INTO `yx_sys_users` VALUES (250, '車明詩', 'P50neYIElK', NULL, 'chmingsze5@gmail.com', '212-672-6696', 0, '2018-12-10 01:12:02', '2013-08-01 02:19:43', 0);
INSERT INTO `yx_sys_users` VALUES (251, '前田翼', '6pWVipVih4', NULL, 'maeda1@icloud.com', '3-6641-3617', 1, '2003-08-01 07:43:05', '2022-03-24 03:28:51', 0);
INSERT INTO `yx_sys_users` VALUES (252, '山本光莉', 'Y2GL7m7blM', NULL, 'hiy@outlook.com', '(20) 0792 9167', 0, '2021-03-03 23:47:54', '2013-03-11 11:41:01', 1);
INSERT INTO `yx_sys_users` VALUES (253, '高橋美羽', 'EESOTOKDxJ', NULL, 'miuta@yahoo.com', '5003 600719', 1, '2017-05-28 07:27:24', '2008-12-12 12:59:47', 0);
INSERT INTO `yx_sys_users` VALUES (254, '葉家明', 'rt8qnJiRKg', NULL, 'yipkm@icloud.com', '70-0502-4978', 1, '2013-03-29 05:07:20', '2012-06-21 10:06:39', 1);
INSERT INTO `yx_sys_users` VALUES (255, '山下大地', 'WnkjJZ5JOc', NULL, 'yamashitadaichi903@gmail.com', '21-2425-8482', 0, '2007-02-21 20:02:35', '2003-08-13 11:57:48', 1);
INSERT INTO `yx_sys_users` VALUES (256, '野口和真', 'OMkpwuJ4MA', NULL, 'kazuman@gmail.com', '7927 490396', 1, '2013-02-06 17:05:20', '2022-10-27 13:46:55', 1);
INSERT INTO `yx_sys_users` VALUES (257, '田中美羽', 'eBptyE06OC', NULL, 'tanaka123@icloud.com', '137-3624-7947', 1, '2019-03-03 10:10:15', '2003-01-26 17:03:12', 0);
INSERT INTO `yx_sys_users` VALUES (258, '曹潤發', '1vfrg6CF2T', NULL, 'chyunfat@yahoo.com', '90-2821-2987', 0, '2001-12-17 13:26:49', '2003-12-27 17:27:44', 0);
INSERT INTO `yx_sys_users` VALUES (259, '斉藤花', 'CssMR01szZ', NULL, 'hansaito@icloud.com', '614-744-1515', 0, '2013-07-25 19:49:57', '2007-06-07 05:42:53', 0);
INSERT INTO `yx_sys_users` VALUES (260, '甘國明', 'in6VenXLD7', NULL, 'kamkm@outlook.com', '614-952-7206', 0, '2013-06-18 04:22:02', '2002-02-09 22:38:57', 0);
INSERT INTO `yx_sys_users` VALUES (261, '安藤花', '27XXVVXzhp', NULL, 'andhana@mail.com', '150-9467-3806', 1, '2020-03-27 23:28:00', '2001-06-21 18:44:49', 0);
INSERT INTO `yx_sys_users` VALUES (262, '中山大輔', 'ngODagOIN3', NULL, 'nakayamad@gmail.com', '614-585-5577', 0, '2020-06-22 12:17:01', '2010-07-25 09:03:36', 1);
INSERT INTO `yx_sys_users` VALUES (263, '區安娜', 'nHxc9KmLP3', NULL, 'auon@gmail.com', '7711 652801', 0, '2015-06-28 10:51:26', '2001-04-04 16:55:25', 0);
INSERT INTO `yx_sys_users` VALUES (264, '井上蒼士', 'qtm0mDd3W9', NULL, 'aoshiin50@mail.com', '(121) 339 6315', 0, '2012-05-03 14:53:16', '2015-05-06 22:05:48', 0);
INSERT INTO `yx_sys_users` VALUES (265, '莫學友', '79KEqsCoqE', NULL, 'mokhokyau9@outlook.com', '7515 448332', 0, '2023-03-13 02:13:06', '2011-06-12 08:05:49', 1);
INSERT INTO `yx_sys_users` VALUES (266, '小川樹', 'MR7WAL4gWa', NULL, 'ogawa10@gmail.com', '145-4346-0979', 0, '2023-02-23 01:23:46', '2003-03-13 06:55:41', 0);
INSERT INTO `yx_sys_users` VALUES (267, '村田蒼士', 'rnZ60gn6LS', NULL, 'murata8@icloud.com', '330-965-0621', 0, '2001-12-29 23:01:59', '2012-09-27 20:50:16', 0);
INSERT INTO `yx_sys_users` VALUES (268, '宣家文', 'X68gClGvOz', NULL, 'kaman10@mail.com', '755-7565-1435', 1, '2001-11-17 06:47:37', '2010-03-23 03:41:27', 0);
INSERT INTO `yx_sys_users` VALUES (269, '小林凛', 'X5RN2zlJM5', NULL, 'kobarin@outlook.com', '312-119-2931', 0, '2014-02-28 23:37:42', '2001-08-22 08:00:28', 1);
INSERT INTO `yx_sys_users` VALUES (270, '蘇慧嫻', 'qXZDIcbFSL', NULL, 'whso1951@hotmail.com', '28-187-5426', 1, '2014-12-26 15:20:14', '2016-05-01 03:07:47', 1);
INSERT INTO `yx_sys_users` VALUES (271, '谷口結翔', 'Wo0L40Oal1', NULL, 'taniguchi03@hotmail.com', '74-923-2699', 1, '2011-01-21 08:38:22', '2017-04-20 18:47:00', 0);
INSERT INTO `yx_sys_users` VALUES (272, '藤井大輔', 'S0JeHpWbPX', NULL, 'fujii3@yahoo.com', '760-7192-9954', 1, '2006-09-25 17:25:44', '2016-07-18 21:00:16', 1);
INSERT INTO `yx_sys_users` VALUES (273, '白杰倫', '752OaMN7Dq', NULL, 'pacl7@hotmail.com', '21-824-0197', 1, '2019-09-27 03:21:16', '2020-02-21 14:31:32', 1);
INSERT INTO `yx_sys_users` VALUES (274, '陳浩然', 'oaItqj6tO8', NULL, 'choyin@gmail.com', '70-3802-0953', 0, '2019-01-30 02:07:50', '2004-01-31 21:15:43', 0);
INSERT INTO `yx_sys_users` VALUES (275, '樊慧嫻', '1oMwrWhTvo', NULL, 'fawaihan716@gmail.com', '21-1918-5136', 0, '2014-04-06 02:18:55', '2002-10-24 23:30:21', 0);
INSERT INTO `yx_sys_users` VALUES (276, '曾霆鋒', 'E5nRP3Oh9V', NULL, 'tingfung10@mail.com', '90-2131-7001', 1, '2014-04-04 08:29:33', '2013-01-19 13:17:41', 0);
INSERT INTO `yx_sys_users` VALUES (277, '武田陽菜', 'VuUn1GxoVU', NULL, 'takedahi@mail.com', '330-840-1671', 1, '2006-08-01 14:58:11', '2015-08-06 02:43:55', 1);
INSERT INTO `yx_sys_users` VALUES (278, '長谷川花', 'EqOI85msoI', NULL, 'hhaseg7@icloud.com', '144-2660-2106', 0, '2007-11-01 22:50:30', '2016-09-09 08:57:22', 0);
INSERT INTO `yx_sys_users` VALUES (279, '戚玲玲', 'rEbPL4wTop', NULL, 'llch201@icloud.com', '90-2809-9618', 1, '2003-08-05 13:41:13', '2020-11-08 03:41:24', 0);
INSERT INTO `yx_sys_users` VALUES (280, '松本陸', 'koF7SAjxuw', NULL, 'rmatsu@gmail.com', '5627 984162', 0, '2023-03-04 20:07:13', '2012-10-07 13:35:02', 1);
INSERT INTO `yx_sys_users` VALUES (281, '平野葉月', 'UB1rA6pHBO', NULL, 'hirano5@gmail.com', '52-922-5841', 0, '2013-10-19 02:02:42', '2001-01-26 01:44:21', 0);
INSERT INTO `yx_sys_users` VALUES (282, '區頴璇', 'h73P4Fsh0q', NULL, 'au4@yahoo.com', '5362 561193', 0, '2018-03-31 08:24:35', '2007-09-19 07:56:02', 0);
INSERT INTO `yx_sys_users` VALUES (283, '平野一輝', 'UeNlJl6Mk1', NULL, 'hiranoikk@gmail.com', '141-4857-7550', 1, '2019-04-06 11:26:37', '2016-06-09 04:06:50', 1);
INSERT INTO `yx_sys_users` VALUES (284, '野口明菜', 'jAk6dsfHcn', NULL, 'akinan1227@icloud.com', '70-9094-7428', 1, '2018-03-18 02:41:58', '2004-03-20 16:11:59', 1);
INSERT INTO `yx_sys_users` VALUES (285, '呂家強', 'diSkIYH0sP', NULL, 'kakeunglui@icloud.com', '3-3682-0588', 0, '2010-08-12 02:10:51', '2023-08-18 14:30:16', 1);
INSERT INTO `yx_sys_users` VALUES (286, '上田光莉', 'O3QikYDUBU', NULL, 'hikari5@mail.com', '28-9324-9472', 1, '2013-04-22 05:50:40', '2004-06-18 06:41:55', 0);
INSERT INTO `yx_sys_users` VALUES (287, '溫永發', 'mbZiR3FR4l', NULL, 'wingfatwan816@hotmail.com', '137-3557-6225', 1, '2016-09-13 20:32:15', '2021-08-12 08:34:00', 1);
INSERT INTO `yx_sys_users` VALUES (288, '傅惠妹', 'zfSpF6ffBG', NULL, 'huimeifu@mail.com', '(151) 978 1985', 0, '2005-02-21 16:02:33', '2014-04-04 06:10:35', 1);
INSERT INTO `yx_sys_users` VALUES (289, '佐々木玲奈', 'TUTlxmXYRX', NULL, 'sasaki7@gmail.com', '(151) 582 9863', 1, '2012-04-03 14:59:37', '2002-08-18 11:59:56', 0);
INSERT INTO `yx_sys_users` VALUES (290, '關安琪', 'z4NMQp31hg', NULL, 'kwaonkay@mail.com', '183-8145-4994', 0, '2006-01-06 17:21:36', '2013-07-27 17:59:23', 0);
INSERT INTO `yx_sys_users` VALUES (291, '杉山一輝', '9459SwYg2U', NULL, 'iksugiyama@hotmail.com', '(1223) 13 8619', 1, '2018-11-03 08:05:36', '2023-08-14 09:29:34', 1);
INSERT INTO `yx_sys_users` VALUES (292, '譚發', 'BusvX1A4AZ', NULL, 'tamfa@yahoo.com', '(161) 926 4648', 1, '2023-06-10 06:08:40', '2000-06-24 13:18:14', 1);
INSERT INTO `yx_sys_users` VALUES (293, '金子涼太', 'YvOVK6vfSX', NULL, 'rkaneko@yahoo.com', '212-053-5589', 1, '2023-01-16 04:47:04', '2003-02-09 07:51:02', 0);
INSERT INTO `yx_sys_users` VALUES (294, '餘曉彤', 'zE7XQCeGHt', NULL, 'hiutung9@hotmail.com', '838-256-3219', 0, '2010-08-13 07:21:30', '2016-10-16 09:29:50', 1);
INSERT INTO `yx_sys_users` VALUES (295, '阮發', 'ELvPM77cvf', NULL, 'fatyu6@hotmail.com', '28-076-2073', 0, '2002-05-07 08:58:31', '2002-12-13 18:42:05', 0);
INSERT INTO `yx_sys_users` VALUES (296, '三浦瑛太', 'bDJWHXI2Uo', NULL, 'miuraeit72@yahoo.com', '5661 545500', 1, '2004-05-15 13:28:06', '2011-12-05 01:07:44', 1);
INSERT INTO `yx_sys_users` VALUES (297, '三浦一輝', 'WMwuEX7Zwm', NULL, 'miurai@icloud.com', '(20) 3504 3160', 0, '2017-08-14 05:47:19', '2012-11-11 13:33:32', 0);
INSERT INTO `yx_sys_users` VALUES (298, '樊淑怡', 'GAAvJX0rQx', NULL, 'sukyee316@icloud.com', '184-3551-4500', 0, '2008-01-26 22:16:18', '2007-10-25 05:23:19', 0);
INSERT INTO `yx_sys_users` VALUES (299, '姚明', 'ge7R00i5Yu', NULL, 'yem1112@yahoo.com', '7298 995582', 0, '2015-12-09 18:55:25', '2006-12-02 22:36:02', 0);
INSERT INTO `yx_sys_users` VALUES (300, '雷富城', 'U3vvRBoW9T', NULL, 'fushingloui7@outlook.com', '7482 251532', 1, '2012-06-23 23:33:33', '2000-05-15 07:13:23', 1);
INSERT INTO `yx_sys_users` VALUES (301, '平野聖子', 'yJHaryOUtV', NULL, 'shirano@mail.com', '(1865) 18 4556', 1, '2003-01-11 19:56:14', '2016-11-04 20:47:12', 0);
INSERT INTO `yx_sys_users` VALUES (302, '竹内美咲', 'hHJt0VYQks', NULL, 'misakita@yahoo.com', '80-6523-5793', 0, '2017-08-19 02:31:18', '2008-05-19 19:19:15', 1);
INSERT INTO `yx_sys_users` VALUES (303, '丸山葉月', '5O2m3x1dBP', NULL, 'hazukimaruyama7@hotmail.com', '20-0423-8927', 0, '2002-07-14 12:44:36', '2011-02-13 18:46:29', 0);
INSERT INTO `yx_sys_users` VALUES (304, '莫裕玲', 'gpNOUR0whf', NULL, 'yulimok@gmail.com', '(20) 1123 9450', 1, '2002-05-09 21:29:22', '2016-02-07 16:22:36', 0);
INSERT INTO `yx_sys_users` VALUES (305, '菅原光莉', 'fm0LnaAT38', NULL, 'sugawara1951@icloud.com', '180-3031-7483', 0, '2018-06-06 11:31:15', '2004-01-07 17:02:23', 0);
INSERT INTO `yx_sys_users` VALUES (306, '池田美羽', 'msj5vmyZe5', NULL, 'ikedm@mail.com', '3-9311-3763', 1, '2015-08-27 16:15:47', '2003-01-26 18:11:06', 0);
INSERT INTO `yx_sys_users` VALUES (307, '斉藤葵', 'PulZqK0RWY', NULL, 'aosaito708@gmail.com', '80-1799-4481', 0, '2001-03-25 16:46:43', '2016-06-11 23:58:15', 1);
INSERT INTO `yx_sys_users` VALUES (308, '江秀文', 'F1OL1bDZHm', NULL, 'ksm302@icloud.com', '144-2590-9970', 1, '2011-05-07 06:44:31', '2000-03-01 17:22:27', 1);
INSERT INTO `yx_sys_users` VALUES (309, '柴田百恵', 'f5RTPl4ZQi', NULL, 'sm88@outlook.com', '7898 383119', 0, '2001-07-15 01:30:22', '2024-01-21 01:18:23', 1);
INSERT INTO `yx_sys_users` VALUES (310, '文裕玲', 'GDGILqldAc', NULL, 'yulingman@hotmail.com', '213-953-1552', 1, '2016-02-12 17:31:40', '2003-03-03 21:26:31', 1);
INSERT INTO `yx_sys_users` VALUES (311, '山本葵', 'bZFmwOWTwg', NULL, 'yamamotoaoi@hotmail.com', '66-687-8838', 0, '2019-02-17 18:58:19', '2019-10-02 22:10:25', 1);
INSERT INTO `yx_sys_users` VALUES (312, '阮祖兒', 'UF4CB37a1V', NULL, 'yuency1124@icloud.com', '838-650-3636', 1, '2008-01-31 12:06:30', '2000-03-29 07:15:52', 0);
INSERT INTO `yx_sys_users` VALUES (313, '木村百恵', 'tbmzqlbePg', NULL, 'kimura85@outlook.com', '838-308-1792', 0, '2002-11-02 20:13:30', '2013-04-06 05:23:43', 0);
INSERT INTO `yx_sys_users` VALUES (314, '木村大地', 'BNZXqMEMgU', NULL, 'kimuradaichi7@yahoo.com', '213-591-8980', 1, '2000-12-24 23:12:28', '2005-09-19 19:11:42', 0);
INSERT INTO `yx_sys_users` VALUES (315, '酒井明菜', 's6jQ4obdkV', NULL, 'sakai421@gmail.com', '838-981-5311', 1, '2010-08-28 15:49:47', '2016-09-26 00:55:10', 0);
INSERT INTO `yx_sys_users` VALUES (316, '工藤湊', 'MvkCmTm701', NULL, 'minato65@outlook.com', '614-576-6071', 0, '2006-07-27 05:50:38', '2015-02-04 19:36:38', 1);
INSERT INTO `yx_sys_users` VALUES (317, '島田詩乃', '8IbzzVLnoj', NULL, 'shinoshimada@mail.com', '330-161-5524', 1, '2000-07-21 22:48:47', '2020-04-25 11:59:33', 0);
INSERT INTO `yx_sys_users` VALUES (318, '柴田花', '2x5g1d1ICp', NULL, 'shibatah42@outlook.com', '160-4593-3087', 0, '2000-10-06 02:30:18', '2021-04-29 18:59:36', 0);
INSERT INTO `yx_sys_users` VALUES (319, '坂本海斗', 'VJ5WTJvcfh', NULL, 'ksa@mail.com', '330-274-0282', 1, '2003-10-05 13:16:34', '2019-01-20 04:21:46', 1);
INSERT INTO `yx_sys_users` VALUES (320, '近藤海斗', '24ZAiMMvEu', NULL, 'kaitokondo@hotmail.com', '21-7901-2305', 1, '2021-12-20 14:52:11', '2019-01-05 20:55:06', 0);
INSERT INTO `yx_sys_users` VALUES (321, '木村舞', 'wTFzo4AqEg', NULL, 'mki@icloud.com', '70-7937-2362', 0, '2018-02-18 18:21:21', '2018-06-10 22:56:55', 1);
INSERT INTO `yx_sys_users` VALUES (322, '渡部和真', 'Aq403qB60X', NULL, 'kwa@icloud.com', '11-306-0630', 1, '2009-11-23 13:42:16', '2004-08-08 02:42:36', 0);
INSERT INTO `yx_sys_users` VALUES (323, '錢玲玲', 'NuetaMEwGc', NULL, 'chinll@icloud.com', '(121) 714 2400', 0, '2021-09-26 22:58:02', '2018-05-16 01:18:27', 1);
INSERT INTO `yx_sys_users` VALUES (324, '山崎蒼士', 'DFc3jU5nfs', NULL, 'aoshiya@outlook.com', '11-403-4883', 0, '2001-11-30 14:58:05', '2005-11-03 12:22:06', 1);
INSERT INTO `yx_sys_users` VALUES (325, '村田結翔', 'hA0TxmpHyA', NULL, 'yuitomurata@gmail.com', '74-552-5489', 0, '2011-04-29 11:32:27', '2023-05-04 23:42:16', 0);
INSERT INTO `yx_sys_users` VALUES (326, '唐麗欣', 'SI9EslGnGQ', NULL, 'tonglaiyan94@icloud.com', '755-8652-0131', 1, '2018-09-23 18:04:22', '2021-02-24 02:40:37', 0);
INSERT INTO `yx_sys_users` VALUES (327, '吉田花', 'md38PAOoRH', NULL, 'hanayoshida927@icloud.com', '3-4877-7436', 1, '2020-12-21 08:23:49', '2017-06-26 14:35:04', 0);
INSERT INTO `yx_sys_users` VALUES (328, '周發', '1J51lGQgcK', NULL, 'chowfat@icloud.com', '5450 291734', 1, '2017-01-17 17:21:11', '2015-02-24 23:46:55', 0);
INSERT INTO `yx_sys_users` VALUES (329, '駱惠妹', 'AQGWFGKSA3', NULL, 'lok2009@outlook.com', '718-370-8283', 0, '2006-06-29 10:03:28', '2019-11-29 12:16:41', 0);
INSERT INTO `yx_sys_users` VALUES (330, '戚慧嫻', 'JozCCjJn23', NULL, 'waihachi2017@mail.com', '144-8858-1196', 0, '2012-03-10 19:18:47', '2006-07-29 02:27:39', 0);
INSERT INTO `yx_sys_users` VALUES (331, '陳榮發', 'MpFyiifbyL', NULL, 'chanwin@mail.com', '169-7677-7573', 1, '2005-05-16 22:08:59', '2014-11-21 19:10:22', 0);
INSERT INTO `yx_sys_users` VALUES (332, '駱曉彤', '125NG9eSK2', NULL, 'lok1989@icloud.com', '52-145-3811', 0, '2004-02-05 14:26:26', '2001-09-03 02:44:24', 1);
INSERT INTO `yx_sys_users` VALUES (333, '陳志遠', 'PYXa5knXNg', NULL, 'chancy6@outlook.com', '760-0137-2408', 1, '2005-04-08 03:12:02', '2018-06-06 07:04:46', 1);
INSERT INTO `yx_sys_users` VALUES (334, '胡青雲', 'CN4T7jvuth', NULL, 'chingwan919@gmail.com', '(151) 539 0594', 1, '2021-06-14 12:15:10', '2023-10-14 10:50:28', 0);
INSERT INTO `yx_sys_users` VALUES (335, '應梓軒', 'aG0XNliwxh', NULL, 'thying@gmail.com', '769-5322-1098', 1, '2015-02-27 06:50:50', '2015-02-03 09:19:11', 1);
INSERT INTO `yx_sys_users` VALUES (336, '林頴思', 'h9d5Fi0kXC', NULL, 'lamws@mail.com', '(1865) 17 3467', 1, '2004-01-04 06:33:20', '2008-04-15 01:55:34', 0);
INSERT INTO `yx_sys_users` VALUES (337, '戴德華', 'b6SSWttnKr', NULL, 'dtw@gmail.com', '7257 227589', 0, '2004-04-19 18:09:17', '2002-04-09 15:19:29', 0);
INSERT INTO `yx_sys_users` VALUES (338, '許詠詩', 'raHmvZAkwP', NULL, 'wingsze3@gmail.com', '5941 800616', 0, '2008-11-09 21:27:34', '2021-04-02 06:45:45', 1);
INSERT INTO `yx_sys_users` VALUES (339, '苗明', 'M8eRkT1EAr', NULL, 'mm9@gmail.com', '614-287-3688', 1, '2019-05-23 19:55:35', '2010-06-13 05:49:50', 0);
INSERT INTO `yx_sys_users` VALUES (340, '蔡安娜', 'E90L9I1WwD', NULL, 'choi5@hotmail.com', '755-1322-0696', 0, '2008-02-11 18:55:51', '2011-12-10 10:21:53', 1);
INSERT INTO `yx_sys_users` VALUES (341, '小林瑛太', 'DUyik5zCmm', NULL, 'eitk@outlook.com', '755-975-0995', 0, '2023-09-17 05:27:45', '2003-05-24 01:55:18', 0);
INSERT INTO `yx_sys_users` VALUES (342, '朱明', 'hFmkbWBjur', NULL, 'chu618@gmail.com', '212-937-4861', 1, '2004-11-19 06:27:04', '2010-01-20 12:39:03', 1);
INSERT INTO `yx_sys_users` VALUES (343, '王天樂', '6roIi2UBvM', NULL, 'tlwong@mail.com', '312-285-9290', 1, '2008-06-22 04:54:28', '2003-02-11 20:46:53', 1);
INSERT INTO `yx_sys_users` VALUES (344, '市川大輔', 'MV2M03mpTZ', NULL, 'daisukeichikawa@hotmail.com', '755-4275-0039', 0, '2017-02-06 14:25:51', '2010-08-11 08:44:00', 1);
INSERT INTO `yx_sys_users` VALUES (345, '青木蒼士', 'CXMUw882BB', NULL, 'aoki9@gmail.com', '(161) 060 1331', 0, '2000-05-29 11:35:53', '2002-03-02 04:38:14', 0);
INSERT INTO `yx_sys_users` VALUES (346, '黎榮發', 'NAMtb7sCtp', NULL, 'laiwf07@outlook.com', '7054 134489', 1, '2011-02-18 05:44:22', '2018-04-09 13:09:51', 0);
INSERT INTO `yx_sys_users` VALUES (347, '區安琪', 'vkikUVTYCm', NULL, 'onkayau524@gmail.com', '10-6308-4593', 0, '2016-06-26 19:12:32', '2009-07-09 18:05:15', 1);
INSERT INTO `yx_sys_users` VALUES (348, '韓學友', 'HNbhMyw569', NULL, 'hahy@yahoo.com', '66-669-4246', 0, '2018-04-08 00:24:20', '2001-02-04 02:12:27', 0);
INSERT INTO `yx_sys_users` VALUES (349, '曾裕玲', 'FNFLlFdJMU', NULL, 'ylt63@hotmail.com', '614-506-3094', 1, '2012-03-12 22:42:32', '2012-10-16 12:45:00', 1);
INSERT INTO `yx_sys_users` VALUES (350, '藤原美月', 'mSaQbaRFKx', NULL, 'fujiwaram@icloud.com', '(161) 830 7206', 1, '2013-10-22 01:15:36', '2008-04-11 11:48:35', 1);
INSERT INTO `yx_sys_users` VALUES (351, '梅安琪', 'lO8fxzsLiJ', NULL, 'okmui307@gmail.com', '614-086-7721', 0, '2004-02-17 09:41:09', '2003-12-15 21:43:48', 1);
INSERT INTO `yx_sys_users` VALUES (352, '黃慧儀', '6MoG2rzt96', NULL, 'wywong@gmail.com', '66-681-2397', 0, '2017-07-25 07:24:20', '2003-10-30 22:17:37', 0);
INSERT INTO `yx_sys_users` VALUES (353, '小山光', '2w80Bw9cMU', NULL, 'hikakoyama1959@outlook.com', '11-040-8485', 1, '2006-12-23 18:58:01', '2018-11-26 00:02:35', 1);
INSERT INTO `yx_sys_users` VALUES (354, '藤田一輝', 'hVBV0ouTXo', NULL, 'ikkif@hotmail.com', '213-034-7236', 0, '2008-07-15 11:11:01', '2024-01-07 06:03:32', 0);
INSERT INTO `yx_sys_users` VALUES (355, '高橋架純', 'Q27HfBvVid', NULL, 'tkasumi@icloud.com', '614-691-9801', 0, '2012-06-07 17:21:16', '2011-06-12 15:39:18', 0);
INSERT INTO `yx_sys_users` VALUES (356, '莫發', 'doi39RxM5K', NULL, 'mokfat1001@outlook.com', '7111 974573', 1, '2011-10-08 22:51:56', '2000-03-28 22:46:31', 1);
INSERT INTO `yx_sys_users` VALUES (357, '中川美月', 'oai2TaMRXW', NULL, 'mitsukinakagawa801@gmail.com', '74-922-4315', 0, '2004-09-01 12:24:22', '2007-12-07 14:59:00', 0);
INSERT INTO `yx_sys_users` VALUES (358, '高思妤', 'M2XCcNKJew', NULL, 'szeyuk00@icloud.com', '7642 793228', 1, '2007-10-18 11:45:37', '2015-10-25 21:06:27', 0);
INSERT INTO `yx_sys_users` VALUES (359, '菊地彩乃', '1Ot9Rz3rLq', NULL, 'aykiku@gmail.com', '212-657-2689', 1, '2010-10-30 08:37:02', '2006-02-06 21:21:04', 0);
INSERT INTO `yx_sys_users` VALUES (360, '西村詩乃', 'kT7O8Aj6lJ', NULL, 'shinon@gmail.com', '838-259-6088', 1, '2006-01-23 17:55:52', '2005-08-23 10:15:12', 0);
INSERT INTO `yx_sys_users` VALUES (361, '甘詠詩', 'OrGWidCazc', NULL, 'kws@outlook.com', '5781 017770', 1, '2014-01-29 13:43:40', '2016-05-03 06:35:42', 1);
INSERT INTO `yx_sys_users` VALUES (362, '許仲賢', 'gTw7tfuMrw', NULL, 'chungyin10@outlook.com', '769-305-0091', 0, '2018-08-27 13:36:54', '2011-07-12 10:03:11', 1);
INSERT INTO `yx_sys_users` VALUES (363, '石井翼', 'gDXt8zNL9C', NULL, 'tishi@gmail.com', '838-473-3974', 0, '2023-01-23 07:51:41', '2021-12-26 02:34:59', 0);
INSERT INTO `yx_sys_users` VALUES (364, '安藤七海', 'EFQhff4kBK', NULL, 'andon102@hotmail.com', '10-289-8220', 0, '2010-03-31 12:17:02', '2006-08-14 11:34:01', 1);
INSERT INTO `yx_sys_users` VALUES (365, '岡田海斗', '6uugm4Lu5V', NULL, 'kaiokada@icloud.com', '312-011-7658', 1, '2007-06-10 19:22:41', '2006-06-04 05:48:18', 0);
INSERT INTO `yx_sys_users` VALUES (366, '錢頴思', '6VZpbt1lTv', NULL, 'wsc@outlook.com', '769-786-6342', 0, '2012-12-07 05:57:09', '2021-07-06 01:45:35', 1);
INSERT INTO `yx_sys_users` VALUES (367, '中島百花', 'zGey0Qx0qq', NULL, 'nakmom@outlook.com', '74-454-2251', 0, '2002-10-05 09:58:04', '2016-09-15 17:15:21', 0);
INSERT INTO `yx_sys_users` VALUES (368, '蘇詩君', 'oKzKZU1ZAL', NULL, 'szeso@gmail.com', '718-992-6985', 1, '2018-01-28 17:12:56', '2022-12-17 00:22:42', 1);
INSERT INTO `yx_sys_users` VALUES (369, '青木拓哉', 'WqCvYoOSOE', NULL, 'taoki@outlook.com', '80-9354-9788', 0, '2002-06-21 20:03:27', '2015-09-05 13:00:40', 0);
INSERT INTO `yx_sys_users` VALUES (370, '葉心穎', '5OfGxEuKOe', NULL, 'yip909@icloud.com', '760-535-5158', 1, '2011-06-02 16:47:40', '2023-04-02 14:12:25', 1);
INSERT INTO `yx_sys_users` VALUES (371, '新井美羽', 'lhA6chuM4F', NULL, 'araimiu@icloud.com', '718-540-5883', 0, '2005-06-12 08:57:34', '2012-01-05 01:09:09', 0);
INSERT INTO `yx_sys_users` VALUES (372, '謝青雲', 'bxx3Ys17ko', NULL, 'tse1@gmail.com', '90-6334-9049', 0, '2019-08-28 03:30:01', '2004-03-16 16:34:12', 1);
INSERT INTO `yx_sys_users` VALUES (373, '青木健太', 'Z99FugIq1B', NULL, 'kenta919@icloud.com', '80-5471-8538', 1, '2006-01-10 12:18:11', '2011-10-18 01:02:22', 1);
INSERT INTO `yx_sys_users` VALUES (374, '佐々木百恵', 'NZgkj53esC', NULL, 'smomo@gmail.com', '163-1642-8268', 1, '2004-03-01 06:54:17', '2013-12-12 23:48:13', 1);
INSERT INTO `yx_sys_users` VALUES (375, '鄺安琪', 'x6KlxBydEJ', NULL, 'okkwon@gmail.com', '52-924-6528', 0, '2017-05-13 05:49:13', '2014-01-10 13:31:22', 1);
INSERT INTO `yx_sys_users` VALUES (376, '井上優奈', 'vOner6Rh8m', NULL, 'iyuna17@gmail.com', '(121) 676 6311', 1, '2011-06-16 08:16:29', '2000-01-30 20:42:54', 0);
INSERT INTO `yx_sys_users` VALUES (377, '岡本美羽', '14R9XRY2jT', NULL, 'okamomiu1006@outlook.com', '90-0910-6453', 0, '2016-02-22 02:24:55', '2008-10-10 16:22:55', 1);
INSERT INTO `yx_sys_users` VALUES (378, '楊國榮', 'KNiXqw8tMo', NULL, 'kwyeung323@outlook.com', '21-1723-3917', 0, '2016-05-27 13:37:40', '2003-04-18 14:07:51', 0);
INSERT INTO `yx_sys_users` VALUES (379, '田俊宇', '24zITxhbYZ', NULL, 'chunyutin@yahoo.com', '213-952-3720', 1, '2018-03-25 14:39:44', '2000-10-20 06:17:53', 0);
INSERT INTO `yx_sys_users` VALUES (380, '戴榮發', 'rUu9f2Az23', NULL, 'dawf1989@icloud.com', '760-304-8345', 0, '2014-08-30 16:48:15', '2017-08-12 21:48:20', 1);
INSERT INTO `yx_sys_users` VALUES (381, '官梓晴', 'Yke6Mikg5m', NULL, 'tcko@gmail.com', '760-672-0794', 1, '2014-01-16 17:58:22', '2003-10-07 06:17:14', 1);
INSERT INTO `yx_sys_users` VALUES (382, '曾朝偉', 'Df3aLicbA1', NULL, 'chiuwaits4@icloud.com', '90-3774-6338', 1, '2013-01-27 20:36:32', '2014-05-07 01:05:09', 0);
INSERT INTO `yx_sys_users` VALUES (383, '湯志遠', '43rRJuvH2B', NULL, 'chiyuent1970@hotmail.com', '7699 464133', 1, '2002-04-15 13:10:35', '2021-12-31 08:04:14', 0);
INSERT INTO `yx_sys_users` VALUES (384, '毛永權', 'Cpw9xmOM5d', NULL, 'mwk@mail.com', '156-1239-5194', 1, '2020-03-23 07:06:08', '2001-07-17 03:01:50', 0);
INSERT INTO `yx_sys_users` VALUES (385, '山本瑛太', 'tdY648vo9x', NULL, 'yamaeit2011@icloud.com', '170-7410-1034', 0, '2024-02-02 10:38:54', '2001-04-14 00:27:50', 1);
INSERT INTO `yx_sys_users` VALUES (386, '王慧珊', 'WObjaXyoq4', NULL, 'waisan414@outlook.com', '80-6659-8735', 0, '2006-03-17 14:24:06', '2015-08-06 19:55:10', 0);
INSERT INTO `yx_sys_users` VALUES (387, '小野愛梨', 'kMsfmuJpFg', NULL, 'aion@outlook.com', '70-7210-6258', 0, '2006-09-29 05:37:28', '2023-12-24 08:50:14', 0);
INSERT INTO `yx_sys_users` VALUES (388, '麥玲玲', 'nUqXfREdRh', NULL, 'maklingling@gmail.com', '(121) 536 6658', 0, '2003-01-05 21:16:47', '2007-05-23 21:27:37', 1);
INSERT INTO `yx_sys_users` VALUES (389, '鈴木明菜', 'HGwFBDgYgt', NULL, 'suakina@icloud.com', '28-0068-3013', 1, '2002-11-20 18:23:07', '2015-06-07 19:15:41', 1);
INSERT INTO `yx_sys_users` VALUES (390, '木村七海', 'M8vdwEg1YP', NULL, 'nanamikim@icloud.com', '176-1463-2313', 0, '2014-02-18 13:18:40', '2011-09-02 06:10:28', 1);
INSERT INTO `yx_sys_users` VALUES (391, '汪浩然', 'vi4bNxRhiv', NULL, 'why8@gmail.com', '614-079-6359', 0, '2006-08-24 17:14:03', '2019-11-02 05:23:03', 1);
INSERT INTO `yx_sys_users` VALUES (392, '桜井陽菜', 'iL6lK0Wzgl', NULL, 'sahina@gmail.com', '21-5428-4050', 0, '2006-02-20 23:53:39', '2017-11-27 21:03:16', 0);
INSERT INTO `yx_sys_users` VALUES (393, '盧學友', 'qeI7oPBslt', NULL, 'hylo@outlook.com', '769-321-3656', 1, '2004-08-20 13:52:06', '2016-11-02 09:19:58', 0);
INSERT INTO `yx_sys_users` VALUES (394, '吉田涼太', 'QZ4WsiuD28', NULL, 'ryotayoshida@icloud.com', '80-9772-7046', 0, '2022-10-12 14:35:42', '2008-01-02 01:22:16', 1);
INSERT INTO `yx_sys_users` VALUES (395, '宮本光莉', 'L7gXdPQIkp', NULL, 'hikarimiya9@outlook.com', '3-5750-1619', 0, '2012-09-08 08:39:11', '2018-09-29 12:10:15', 0);
INSERT INTO `yx_sys_users` VALUES (396, '杉山紗良', 'UzrLeHfQyq', NULL, 'sugiyama10@icloud.com', '755-876-7907', 1, '2003-03-01 11:03:12', '2017-04-12 23:18:07', 0);
INSERT INTO `yx_sys_users` VALUES (397, '桜井翼', 'sGcP3nPCvd', NULL, 'ts229@hotmail.com', '90-2255-0240', 1, '2021-08-08 06:43:17', '2014-10-13 06:57:20', 1);
INSERT INTO `yx_sys_users` VALUES (398, '區淑怡', 'mX63SKXGhi', NULL, 'ausy@gmail.com', '90-3122-7119', 1, '2009-07-20 10:32:08', '2009-06-15 13:20:04', 0);
INSERT INTO `yx_sys_users` VALUES (399, '鄺永發', 'ipUR6O34nT', NULL, 'wfk15@outlook.com', '5829 261728', 1, '2023-10-03 14:50:53', '2005-01-05 12:29:46', 0);
INSERT INTO `yx_sys_users` VALUES (400, '曾惠敏', 'qZWHwmXg3j', NULL, 'tsangwaiman@icloud.com', '312-174-9811', 0, '2013-12-08 11:54:02', '2019-03-22 18:45:08', 1);
INSERT INTO `yx_sys_users` VALUES (401, '韓詠詩', '2mSKxSc6Qf', NULL, 'hanwingsze@hotmail.com', '70-0204-2597', 0, '2004-10-27 16:13:42', '2008-10-12 04:09:41', 1);
INSERT INTO `yx_sys_users` VALUES (402, '桜井健太', 'N6P1ke50ou', NULL, 'kents810@icloud.com', '718-473-4224', 0, '2002-03-28 14:42:21', '2006-11-20 14:56:49', 0);
INSERT INTO `yx_sys_users` VALUES (403, '翁家輝', 'ri9N04RrA0', NULL, 'yukaf1997@gmail.com', '760-2680-3241', 0, '2004-06-19 23:56:14', '2013-02-06 05:02:39', 1);
INSERT INTO `yx_sys_users` VALUES (404, '鄧梓晴', 'NyuM1sNFh6', NULL, 'tszchingta1112@gmail.com', '312-218-3432', 1, '2015-09-11 06:34:52', '2018-04-03 18:32:43', 1);
INSERT INTO `yx_sys_users` VALUES (405, '官富城', 'kSLZekxXBh', NULL, 'fskoon66@outlook.com', '213-961-2418', 1, '2017-04-23 03:29:46', '2019-02-16 10:24:24', 1);
INSERT INTO `yx_sys_users` VALUES (406, '菅原結翔', 'dLETtWaA8T', NULL, 'suyuito@hotmail.com', '74-952-4528', 1, '2014-02-22 04:22:08', '2020-02-24 13:53:29', 0);
INSERT INTO `yx_sys_users` VALUES (407, '盧天榮', 'ZFkeEexI2H', NULL, 'lotw10@gmail.com', '66-378-6271', 0, '2002-12-20 12:17:35', '2021-03-25 13:25:33', 0);
INSERT INTO `yx_sys_users` VALUES (408, '石川愛梨', 'phMT9H424A', NULL, 'aishikawa1@gmail.com', '21-072-0887', 1, '2001-11-19 03:54:32', '2010-07-01 07:31:20', 1);
INSERT INTO `yx_sys_users` VALUES (409, '長谷川湊', 'zIGFLXSNSP', NULL, 'minha@gmail.com', '212-216-3498', 1, '2005-07-19 09:32:55', '2019-06-12 02:57:07', 0);
INSERT INTO `yx_sys_users` VALUES (410, '小山悠人', 'Y6cty7aB63', NULL, 'koyama805@mail.com', '184-8211-8933', 0, '2003-07-22 08:12:31', '2011-07-09 18:17:29', 0);
INSERT INTO `yx_sys_users` VALUES (411, '阮裕玲', 'gQ2pJeApuK', NULL, 'ylyuen1963@yahoo.com', '718-891-3319', 1, '2014-02-04 15:57:22', '2009-09-06 13:49:33', 1);
INSERT INTO `yx_sys_users` VALUES (412, '森田樹', 'HmcJjpbJrh', NULL, 'moritaitsuki47@gmail.com', '5403 234362', 0, '2004-09-16 13:19:04', '2006-06-13 22:06:49', 1);
INSERT INTO `yx_sys_users` VALUES (413, '白慧嫻', 'L6JInd1cH3', NULL, 'pak1982@icloud.com', '90-9495-1764', 1, '2012-09-07 04:35:42', '2006-01-15 15:44:01', 1);
INSERT INTO `yx_sys_users` VALUES (414, '木下拓哉', 'IPfxpRqaTp', NULL, 'kintakuya1977@gmail.com', '718-753-6780', 1, '2001-04-11 19:44:48', '2022-07-15 08:58:46', 1);
INSERT INTO `yx_sys_users` VALUES (415, '谷口瑛太', 'AnZld53LyT', NULL, 'eita705@gmail.com', '614-892-8103', 0, '2015-04-18 04:04:03', '2003-01-04 03:16:08', 1);
INSERT INTO `yx_sys_users` VALUES (416, '鄭志遠', 'ZBzlxuR1hU', NULL, 'chiyuench@icloud.com', '718-855-9524', 1, '2012-03-30 14:17:32', '2010-05-28 04:39:49', 1);
INSERT INTO `yx_sys_users` VALUES (417, '薛浩然', 'GpW4rTkHMz', NULL, 'hoyins928@gmail.com', '718-019-8747', 0, '2015-12-01 20:15:47', '2008-04-27 02:55:44', 1);
INSERT INTO `yx_sys_users` VALUES (418, '菅原陽太', 'yxITPusugn', NULL, 'sugawara420@gmail.com', '213-424-3820', 1, '2011-10-27 15:48:37', '2015-07-24 20:34:48', 1);
INSERT INTO `yx_sys_users` VALUES (419, '竹内桜', 'JhLDJcHx1G', NULL, 'taksa@gmail.com', '760-912-9607', 1, '2022-04-16 12:53:10', '2012-06-29 03:46:46', 1);
INSERT INTO `yx_sys_users` VALUES (420, '洪浩然', 'qGlbadoF0T', NULL, 'huhoyin104@outlook.com', '7290 554466', 1, '2015-11-02 03:06:52', '2006-02-24 06:04:39', 0);
INSERT INTO `yx_sys_users` VALUES (421, '周青雲', 'DXtk3XonDy', NULL, 'chowching713@hotmail.com', '(161) 450 6033', 1, '2014-07-04 23:47:58', '2014-08-10 05:28:31', 0);
INSERT INTO `yx_sys_users` VALUES (422, '毛家文', '4ir7BQ6V6s', NULL, 'kmmo@gmail.com', '760-3833-3838', 0, '2023-04-10 09:12:55', '2010-02-21 07:49:18', 1);
INSERT INTO `yx_sys_users` VALUES (423, '許天榮', 'ZOiUlwLMRN', NULL, 'hui18@icloud.com', '184-4254-3061', 1, '2003-04-11 11:46:50', '2021-11-06 21:37:18', 1);
INSERT INTO `yx_sys_users` VALUES (424, '梅家文', 'n2X1QpzAQC', NULL, 'muikaman@gmail.com', '330-469-1987', 1, '2022-09-06 03:24:49', '2006-12-30 07:27:01', 0);
INSERT INTO `yx_sys_users` VALUES (425, '井上百恵', 'CaWxIjq9SA', NULL, 'inouemomoe@outlook.com', '10-371-9841', 0, '2001-05-09 02:17:41', '2014-08-11 00:16:22', 1);
INSERT INTO `yx_sys_users` VALUES (426, '馮國明', 'bZWZG06vyb', NULL, 'kwokming1005@outlook.com', '312-920-3724', 0, '2006-05-26 16:56:21', '2001-08-11 10:54:58', 0);
INSERT INTO `yx_sys_users` VALUES (427, '渡辺優奈', 'Ct1ZlUHsDz', NULL, 'ysa@gmail.com', '7138 133441', 0, '2022-08-11 10:29:41', '2004-02-24 03:26:53', 0);
INSERT INTO `yx_sys_users` VALUES (428, '中森舞', '3siLNJDac2', NULL, 'manakamori@icloud.com', '614-267-6712', 1, '2023-06-10 20:13:41', '2013-12-17 14:03:55', 1);
INSERT INTO `yx_sys_users` VALUES (429, '中川瑛太', 'lqO0FLKSYs', NULL, 'nakei@gmail.com', '(116) 317 0322', 0, '2012-01-06 11:16:42', '2001-08-03 12:42:33', 1);
INSERT INTO `yx_sys_users` VALUES (430, '陳嘉欣', 'EQ8P2RWbHG', NULL, 'chankar4@outlook.com', '(121) 997 7144', 0, '2004-04-03 14:27:23', '2009-05-15 20:16:03', 1);
INSERT INTO `yx_sys_users` VALUES (431, '餘秀文', 'NPudasj3S2', NULL, 'yue66@icloud.com', '213-522-1318', 0, '2018-12-11 08:10:38', '2003-07-11 14:22:50', 0);
INSERT INTO `yx_sys_users` VALUES (432, '田詩君', '6KAanJBN67', NULL, 'szekwant@icloud.com', '718-192-8606', 0, '2015-02-20 05:38:03', '2012-11-30 10:48:04', 0);
INSERT INTO `yx_sys_users` VALUES (433, '韓家玲', 'AuKaGMSi8Z', NULL, 'kaling112@hotmail.com', '74-372-8674', 1, '2002-11-05 21:09:39', '2011-07-16 02:28:04', 0);
INSERT INTO `yx_sys_users` VALUES (434, '小山大和', 'PIymo3wawv', NULL, 'koyamayama@gmail.com', '70-1019-7853', 0, '2021-03-12 08:02:09', '2000-01-27 20:11:41', 0);
INSERT INTO `yx_sys_users` VALUES (435, '戚詠詩', 'WbUXIKxO5H', NULL, 'chic606@gmail.com', '74-841-8457', 1, '2011-04-20 10:37:49', '2014-03-03 06:08:55', 1);
INSERT INTO `yx_sys_users` VALUES (436, '樊潤發', 'qY6IvVesBU', NULL, 'fan2@gmail.com', '330-640-0801', 0, '2002-01-24 16:24:29', '2005-11-21 00:12:59', 1);
INSERT INTO `yx_sys_users` VALUES (437, '有村明菜', 'nmmb3u0174', NULL, 'akinaarimu@icloud.com', '66-569-8338', 0, '2008-10-09 20:26:09', '2009-09-13 03:15:54', 0);
INSERT INTO `yx_sys_users` VALUES (438, '蘇永權', 'Q0fD1gwEPK', NULL, 'sowin@icloud.com', '718-207-0841', 0, '2021-05-04 16:15:23', '2010-01-20 16:09:24', 1);
INSERT INTO `yx_sys_users` VALUES (439, '大塚架純', 'gluh5ozRsc', NULL, 'otskas@hotmail.com', '80-7896-4245', 0, '2015-11-14 22:17:52', '2003-09-21 04:30:50', 1);
INSERT INTO `yx_sys_users` VALUES (440, '盧榮發', 'gyESpE3YVI', NULL, 'wingfatl2@gmail.com', '718-445-5940', 0, '2018-04-02 08:22:35', '2006-05-07 12:28:26', 0);
INSERT INTO `yx_sys_users` VALUES (441, '村田詩乃', 'X2iSyQFPy9', NULL, 'muratas@hotmail.com', '21-2046-3046', 0, '2014-07-13 09:12:07', '2006-09-26 00:16:59', 0);
INSERT INTO `yx_sys_users` VALUES (442, '佐野優奈', 'fivaotPTP5', NULL, 'sanoyuna@mail.com', '7669 670967', 1, '2013-01-20 08:30:08', '2006-07-15 01:17:33', 0);
INSERT INTO `yx_sys_users` VALUES (443, '藍家輝', 'VHvdxHl8cn', NULL, 'kfl@hotmail.com', '614-871-9267', 0, '2018-05-04 16:23:06', '2014-09-20 10:27:41', 1);
INSERT INTO `yx_sys_users` VALUES (444, '今井大地', 'grmSFfw3O9', NULL, 'imdaichi@icloud.com', '718-626-1354', 0, '2007-10-31 07:34:38', '2013-02-11 17:34:35', 0);
INSERT INTO `yx_sys_users` VALUES (445, '尹仲賢', 'Tg0EBFyn80', NULL, 'yinchungyin1@gmail.com', '170-7266-6996', 1, '2002-07-19 19:22:07', '2012-06-24 12:25:41', 0);
INSERT INTO `yx_sys_users` VALUES (446, '阮秀文', 'lw84sSvGnz', NULL, 'smy5@icloud.com', '213-889-0125', 0, '2022-09-08 13:48:18', '2023-02-28 17:54:15', 0);
INSERT INTO `yx_sys_users` VALUES (447, '苗小慧', 'iiynMdHU6t', NULL, 'siuwai98@gmail.com', '(151) 771 0064', 0, '2012-10-28 12:07:50', '2014-03-22 00:35:33', 1);
INSERT INTO `yx_sys_users` VALUES (448, '中山美月', 'pPif2D9Jne', NULL, 'nakamitsuki@gmail.com', '(151) 839 0932', 1, '2000-12-22 00:50:20', '2022-06-14 15:23:20', 1);
INSERT INTO `yx_sys_users` VALUES (449, '田明', 'gu8x7iAyXF', NULL, 'tinming429@hotmail.com', '(1865) 11 3641', 0, '2011-05-17 04:29:42', '2010-09-03 06:20:22', 1);
INSERT INTO `yx_sys_users` VALUES (450, '阿部優奈', 'fBmhoLpnRY', NULL, 'yunaabe4@outlook.com', '5283 900180', 0, '2005-01-25 06:08:25', '2001-02-05 05:21:16', 1);
INSERT INTO `yx_sys_users` VALUES (451, '菊地和真', 'CQ805jLjcC', NULL, 'kak1104@icloud.com', '330-891-3253', 1, '2004-03-14 03:01:38', '2023-09-17 05:44:22', 1);
INSERT INTO `yx_sys_users` VALUES (452, '莫詩君', 'k7tmsJt1jH', NULL, 'msk406@outlook.com', '21-282-0724', 1, '2009-07-28 17:52:07', '2001-11-12 10:42:34', 0);
INSERT INTO `yx_sys_users` VALUES (453, '洪明', 'IqXFcNK8DW', NULL, 'mihung@gmail.com', '66-156-1081', 0, '2003-10-19 21:45:07', '2021-03-25 06:52:01', 0);
INSERT INTO `yx_sys_users` VALUES (454, '佘明', 'u0IAPWq9RC', NULL, 'mingsheh1009@icloud.com', '70-8466-8170', 0, '2017-02-09 14:33:25', '2020-10-11 03:20:50', 1);
INSERT INTO `yx_sys_users` VALUES (455, '許家文', 'eDSBItfLZM', NULL, 'kamanhui1996@outlook.com', '138-2264-2223', 0, '2015-01-26 15:25:39', '2021-07-09 17:45:26', 0);
INSERT INTO `yx_sys_users` VALUES (456, '鄭惠敏', 'L4fRVE3xts', NULL, 'wmcheng@yahoo.com', '7187 526430', 1, '2003-12-02 16:56:19', '2007-09-10 09:42:37', 1);
INSERT INTO `yx_sys_users` VALUES (457, '何永權', 'PgSezvYcdK', NULL, 'ho610@outlook.com', '(161) 915 0241', 0, '2004-11-11 21:19:17', '2010-05-07 18:21:49', 1);
INSERT INTO `yx_sys_users` VALUES (458, '任杰倫', 'cz56RvylgD', NULL, 'clya98@icloud.com', '(20) 7189 3854', 0, '2000-12-31 18:00:44', '2010-12-11 19:30:27', 1);
INSERT INTO `yx_sys_users` VALUES (459, '姚霆鋒', 'UMjCYKa0VQ', NULL, 'yeowtingfung@gmail.com', '838-370-1010', 1, '2007-05-12 05:15:05', '2001-10-03 18:03:49', 1);
INSERT INTO `yx_sys_users` VALUES (460, '中野陸', '6tKrzh3Dla', NULL, 'nariku@gmail.com', '170-2639-2321', 1, '2017-11-11 21:06:19', '2014-06-13 09:20:12', 0);
INSERT INTO `yx_sys_users` VALUES (461, '小川舞', '6gvZKQAE68', NULL, 'ogawamai7@outlook.com', '614-011-4126', 0, '2009-10-30 00:37:47', '2020-12-18 20:59:39', 0);
INSERT INTO `yx_sys_users` VALUES (462, '蔣祖兒', 'uTOfUPBIRW', NULL, 'chiangcy@yahoo.com', '(1223) 09 9326', 1, '2022-10-04 17:42:22', '2012-02-21 20:42:16', 1);
INSERT INTO `yx_sys_users` VALUES (463, '加藤瑛太', 'XCkDtxbX9r', NULL, 'eitakato@outlook.com', '28-1815-6100', 1, '2020-02-14 05:15:20', '2017-11-10 18:39:43', 1);
INSERT INTO `yx_sys_users` VALUES (464, '周安琪', 'uSDW5UMt8W', NULL, 'cok103@icloud.com', '21-966-3866', 1, '2012-03-30 03:09:31', '2006-01-02 04:36:17', 1);
INSERT INTO `yx_sys_users` VALUES (465, '田安娜', 'SFB0r3uVov', NULL, 'tinonna@outlook.com', '3-9696-1198', 1, '2008-11-17 06:48:39', '2018-05-07 23:09:35', 1);
INSERT INTO `yx_sys_users` VALUES (466, '邵國明', 'IChdAHREak', NULL, 'siukm@icloud.com', '141-7703-0397', 0, '2019-08-15 08:27:20', '2017-12-18 09:27:15', 0);
INSERT INTO `yx_sys_users` VALUES (467, '盧嘉欣', 'Y5ncm5QRR6', NULL, 'kylo67@outlook.com', '7759 885634', 0, '2016-08-09 00:55:27', '2000-09-03 06:42:35', 1);
INSERT INTO `yx_sys_users` VALUES (468, '今井詩乃', '7BIrcn57mF', NULL, 'shino1125@outlook.com', '21-843-8599', 1, '2006-03-04 02:56:52', '2002-01-25 17:35:14', 0);
INSERT INTO `yx_sys_users` VALUES (469, '大塚玲奈', '8eO189VOiI', NULL, 'otsrena@gmail.com', '10-728-7120', 0, '2007-11-27 09:05:44', '2008-07-03 06:14:31', 0);
INSERT INTO `yx_sys_users` VALUES (470, '吉田舞', 'nd1kSmlWzO', NULL, 'maiyoshida@outlook.com', '5797 686936', 1, '2008-10-14 09:32:32', '2008-07-17 14:04:41', 1);
INSERT INTO `yx_sys_users` VALUES (471, '杜頴璇', 'TshMDWjeRj', NULL, 'wingsuen521@mail.com', '(151) 934 0911', 0, '2007-06-15 12:14:54', '2020-05-07 18:00:39', 0);
INSERT INTO `yx_sys_users` VALUES (472, '高橋美咲', 'eCJ68QgMrl', NULL, 'misakitakah@gmail.com', '212-656-5219', 0, '2017-09-13 20:17:43', '2005-10-05 19:38:27', 0);
INSERT INTO `yx_sys_users` VALUES (473, '松井一輝', 'XlfqzR1oPg', NULL, 'ikkimats@gmail.com', '760-831-6433', 0, '2015-09-12 11:46:44', '2016-02-23 08:15:26', 1);
INSERT INTO `yx_sys_users` VALUES (474, '蔡國權', 'cQo0xNDV9C', NULL, 'kkchoi@outlook.com', '614-298-9427', 1, '2019-04-29 10:40:45', '2024-01-10 01:48:22', 0);
INSERT INTO `yx_sys_users` VALUES (475, '陶梓軒', 'IgZ6GHGPj0', NULL, 'tszhinta@hotmail.com', '838-347-9242', 0, '2012-08-06 02:16:19', '2018-04-21 04:37:57', 0);
INSERT INTO `yx_sys_users` VALUES (476, '謝頴璇', '1rHWGwWGxB', NULL, 'wstse@icloud.com', '(1865) 22 3714', 1, '2001-10-08 16:47:36', '2007-02-24 05:37:53', 1);
INSERT INTO `yx_sys_users` VALUES (477, '武田絢斗', 'j7tDtUePYV', NULL, 'takedaaya5@icloud.com', '330-616-6458', 0, '2001-07-22 06:03:52', '2008-08-08 10:39:22', 1);
INSERT INTO `yx_sys_users` VALUES (478, '彭家輝', 'RDUABUxSeN', NULL, 'kafap@icloud.com', '5422 696456', 0, '2016-09-06 15:16:09', '2006-01-10 06:28:02', 1);
INSERT INTO `yx_sys_users` VALUES (479, '大野百花', 'HQEX3Ye8wk', NULL, 'mo923@mail.com', '52-357-2108', 0, '2000-04-04 11:51:08', '2003-08-01 20:59:17', 0);
INSERT INTO `yx_sys_users` VALUES (480, '中森瑛太', 't9hcoMTJG0', NULL, 'eitn4@mail.com', '312-162-9428', 1, '2013-10-08 07:01:21', '2023-01-22 22:26:17', 0);
INSERT INTO `yx_sys_users` VALUES (481, '顧永權', 'AFifhSTyfd', NULL, 'kuwk@hotmail.com', '70-7919-7856', 0, '2002-10-23 18:56:20', '2009-03-06 23:11:22', 0);
INSERT INTO `yx_sys_users` VALUES (482, '中村優奈', '0jZODL4qtF', NULL, 'nyuna@outlook.com', '718-258-1355', 0, '2001-09-16 21:28:38', '2003-09-13 11:10:18', 1);
INSERT INTO `yx_sys_users` VALUES (483, '山田光', 'fusU677yK8', NULL, 'yamada714@icloud.com', '90-7569-0280', 0, '2020-04-20 12:18:26', '2017-01-07 07:51:26', 1);
INSERT INTO `yx_sys_users` VALUES (484, '廖家強', 'bVBRTgy8LK', NULL, 'kakeungli@outlook.com', '838-302-1406', 0, '2015-07-28 01:37:22', '2009-12-03 16:02:35', 0);
INSERT INTO `yx_sys_users` VALUES (485, '崔淑怡', 'KG4AwzyIuf', NULL, 'choisukyee@gmail.com', '139-5144-3812', 0, '2014-02-22 11:34:14', '2000-07-23 00:52:18', 1);
INSERT INTO `yx_sys_users` VALUES (486, '石井瑛太', '3OCPcx0oHQ', NULL, 'ishiieita@yahoo.com', '80-4249-2968', 0, '2000-02-26 07:09:46', '2005-06-28 23:16:58', 1);
INSERT INTO `yx_sys_users` VALUES (487, '今井悠人', '5zs4myjpy2', NULL, 'yui81@icloud.com', '130-7234-6451', 1, '2009-02-15 06:23:34', '2019-08-12 11:27:21', 1);
INSERT INTO `yx_sys_users` VALUES (488, '野村陽太', '5rxJFjWKMg', NULL, 'yotno@yahoo.com', '144-5527-2312', 1, '2007-10-07 14:24:47', '2023-08-28 13:56:58', 1);
INSERT INTO `yx_sys_users` VALUES (489, '中川大和', 'uH7mGqpRuL', NULL, 'nakagawayamato@icloud.com', '(121) 728 1414', 1, '2018-07-15 14:38:47', '2023-08-18 19:16:06', 1);
INSERT INTO `yx_sys_users` VALUES (490, '崔世榮', 'uLMmeR2Cml', NULL, 'choi1025@gmail.com', '190-2006-2534', 1, '2003-12-27 13:41:50', '2014-07-13 01:53:20', 1);
INSERT INTO `yx_sys_users` VALUES (491, '容詠詩', 'PQnlp6X7DG', NULL, 'yunws@mail.com', '66-596-5076', 1, '2007-01-27 13:46:08', '2005-10-01 01:11:51', 1);
INSERT INTO `yx_sys_users` VALUES (492, '戚家強', 'p1sxvEQPzU', NULL, 'kkc7@gmail.com', '80-5684-5576', 1, '2000-09-12 15:32:27', '2000-05-08 01:46:42', 0);
INSERT INTO `yx_sys_users` VALUES (493, '斎藤優奈', 'IPW3V4ufHA', NULL, 'saiyu@gmail.com', '142-4670-4875', 0, '2007-12-05 03:13:17', '2016-06-05 17:37:11', 1);
INSERT INTO `yx_sys_users` VALUES (494, '宣榮發', 'xuXtlgjvgs', NULL, 'hsuan6@hotmail.com', '5431 568955', 0, '2008-11-25 20:25:24', '2006-09-20 17:04:18', 1);
INSERT INTO `yx_sys_users` VALUES (495, '鈴木七海', '9Xl9dG52Pw', NULL, 'nanasuz4@icloud.com', '11-998-1391', 0, '2004-01-12 03:35:50', '2015-12-03 11:55:30', 0);
INSERT INTO `yx_sys_users` VALUES (496, '王國明', 'GJN4vzdVYi', NULL, 'wong1960@gmail.com', '11-894-9654', 0, '2006-05-14 01:49:02', '2021-04-22 18:56:43', 0);
INSERT INTO `yx_sys_users` VALUES (497, '藍天榮', 'KvuIXmqYs3', NULL, 'latw@yahoo.com', '190-1190-4814', 0, '2007-07-18 16:03:54', '2017-05-05 04:07:38', 1);
INSERT INTO `yx_sys_users` VALUES (498, '河野大和', 'fPhHII3ckb', NULL, 'kono726@yahoo.com', '10-7087-4753', 0, '2010-03-13 14:49:33', '2011-02-21 23:53:49', 1);
INSERT INTO `yx_sys_users` VALUES (499, '李頴璇', 'xYq7CfyLt0', NULL, 'leews1@icloud.com', '760-9187-3625', 1, '2009-07-18 02:33:36', '2003-02-22 17:04:17', 1);
INSERT INTO `yx_sys_users` VALUES (500, '清水絢斗', 'EKKw7K3fKg', NULL, 'shimizuayato@outlook.com', '28-7562-7126', 0, '2000-09-12 07:51:48', '2003-01-26 09:29:32', 0);
INSERT INTO `yx_sys_users` VALUES (501, '伊藤花', '1Qz0Bqxj0Q', NULL, 'ihana@icloud.com', '(121) 217 4918', 1, '2011-08-18 08:44:24', '2019-01-20 22:51:20', 1);
INSERT INTO `yx_sys_users` VALUES (502, '李德華', 'meneinKYSz', NULL, 'leetw76@hotmail.com', '5919 205999', 0, '2016-10-10 17:06:45', '2022-06-22 21:32:19', 0);
INSERT INTO `yx_sys_users` VALUES (503, '山口愛梨', 'SIA9RWQUhq', NULL, 'yamaai204@gmail.com', '614-872-5329', 0, '2006-04-11 09:36:32', '2013-02-12 12:40:38', 1);
INSERT INTO `yx_sys_users` VALUES (504, '清水凛', 'HeW0Jzopwr', NULL, 'rinshimizu@gmail.com', '838-154-5704', 0, '2021-09-20 20:22:03', '2021-06-16 08:53:08', 1);
INSERT INTO `yx_sys_users` VALUES (505, '郭玲玲', 'aRVd6o6XPC', NULL, 'llkwok@hotmail.com', '7241 148744', 1, '2022-10-28 01:28:11', '2005-12-06 18:32:18', 1);
INSERT INTO `yx_sys_users` VALUES (506, '湯玲玲', 'Oy2ZG5kY8m', NULL, 'tong1970@yahoo.com', '330-531-7365', 1, '2012-09-28 00:58:12', '2022-04-17 17:04:11', 1);
INSERT INTO `yx_sys_users` VALUES (507, '張天榮', 'JuJJbF6Zby', NULL, 'tinwing1112@yahoo.com', '80-0160-9465', 0, '2010-06-03 09:51:43', '2014-01-29 16:14:05', 0);
INSERT INTO `yx_sys_users` VALUES (508, '戚仲賢', 'lti1xL2PdE', NULL, 'cchungyin719@outlook.com', '52-832-6540', 1, '2015-07-06 17:11:29', '2015-08-04 01:54:04', 1);
INSERT INTO `yx_sys_users` VALUES (509, '湯慧嫻', 'A2sFXV8HJC', NULL, 'tonwaihan@icloud.com', '5282 992218', 1, '2017-11-03 05:43:09', '2021-05-09 02:15:29', 1);
INSERT INTO `yx_sys_users` VALUES (510, '太田百花', 'e1RMw8Br4t', NULL, 'otamo@outlook.com', '7153 281147', 1, '2008-09-29 21:48:03', '2003-01-21 10:34:09', 0);
INSERT INTO `yx_sys_users` VALUES (511, '成詠詩', '3ma3UHQmfp', NULL, 'shing1224@gmail.com', '(151) 216 1263', 1, '2015-06-02 00:50:08', '2002-06-01 19:41:21', 1);
INSERT INTO `yx_sys_users` VALUES (512, '莫思妤', 's8pofoISBE', NULL, 'moksy@mail.com', '769-8517-3390', 0, '2015-03-18 14:32:57', '2023-11-20 03:45:02', 1);
INSERT INTO `yx_sys_users` VALUES (513, '中島湊', '0cC6n5PRXy', NULL, 'minatonakajima@icloud.com', '838-539-5744', 0, '2004-11-08 19:09:24', '2001-07-03 03:43:43', 0);
INSERT INTO `yx_sys_users` VALUES (514, '麥潤發', 'rL2qsaBVQ1', NULL, 'mak48@gmail.com', '5707 621254', 1, '2009-08-05 10:57:31', '2017-02-24 23:10:35', 0);
INSERT INTO `yx_sys_users` VALUES (515, '酒井花', 'PlrpY0a4ZO', NULL, 'shan75@gmail.com', '5055 839165', 1, '2013-06-16 12:46:34', '2020-03-02 05:13:14', 1);
INSERT INTO `yx_sys_users` VALUES (516, '中島架純', 'SeavKXU2JD', NULL, 'nakajimak@mail.com', '5773 953132', 1, '2002-08-18 12:27:04', '2002-02-10 11:14:21', 1);
INSERT INTO `yx_sys_users` VALUES (517, '佐々木陽菜', 'SaGg6XKexD', NULL, 'sasaki2@outlook.com', '70-9070-7676', 1, '2014-05-14 06:52:05', '2016-05-25 19:46:50', 0);
INSERT INTO `yx_sys_users` VALUES (518, '金子光莉', 'tzNdTSzRc9', NULL, 'hikarkaneko@outlook.com', '80-1570-9891', 0, '2006-04-10 17:56:03', '2018-01-21 14:37:13', 1);
INSERT INTO `yx_sys_users` VALUES (519, '森田樹', 'vHp6qFw9FX', NULL, 'imorita@icloud.com', '10-5620-4834', 0, '2008-08-16 06:10:34', '2008-02-18 09:41:45', 1);
INSERT INTO `yx_sys_users` VALUES (520, '山田聖子', 'scGQlHFmOj', NULL, 'seikoyamada@gmail.com', '769-9552-1568', 0, '2010-02-14 13:48:50', '2011-07-31 22:55:48', 0);
INSERT INTO `yx_sys_users` VALUES (521, '餘永發', 'B9CRtkLWee', NULL, 'yuwi@gmail.com', '213-582-9854', 1, '2019-12-20 15:06:39', '2021-11-09 13:56:59', 0);
INSERT INTO `yx_sys_users` VALUES (522, '傅永權', '9KYpCw85SG', NULL, 'fuwk@outlook.com', '(1865) 54 5624', 0, '2002-09-09 10:03:56', '2005-09-26 11:44:25', 1);
INSERT INTO `yx_sys_users` VALUES (523, '宮本架純', 'DzEXbeleWb', NULL, 'kasumimi@gmail.com', '769-1108-9093', 1, '2017-02-06 21:18:50', '2017-01-17 12:33:57', 1);
INSERT INTO `yx_sys_users` VALUES (524, '遠藤凛', '58bIggXOd7', NULL, 'rendo@outlook.com', '74-691-2812', 1, '2006-06-14 23:16:17', '2021-12-31 04:48:24', 0);
INSERT INTO `yx_sys_users` VALUES (525, '藤井悠人', '1JZ40IKJne', NULL, 'yfuji@outlook.com', '150-9216-2431', 1, '2020-10-27 22:36:38', '2010-06-25 05:15:33', 0);
INSERT INTO `yx_sys_users` VALUES (526, '田中海斗', 'RgX1EHRPs2', NULL, 'tkai@hotmail.com', '212-344-2854', 0, '2021-07-30 20:08:10', '2017-05-17 19:42:22', 1);
INSERT INTO `yx_sys_users` VALUES (527, '杜頴思', 'EjQxyM92p0', NULL, 'tws@outlook.com', '838-197-3300', 0, '2018-04-01 17:15:07', '2014-12-07 14:02:19', 1);
INSERT INTO `yx_sys_users` VALUES (528, '江發', 'zPlvTpvH7N', NULL, 'fatkong@gmail.com', '90-3222-4083', 0, '2011-11-01 13:56:10', '2016-08-10 17:40:30', 1);
INSERT INTO `yx_sys_users` VALUES (529, '清水悠人', 'ftfICo509R', NULL, 'shimizu1@outlook.com', '21-193-8601', 1, '2005-11-23 09:43:41', '2017-11-20 01:09:26', 1);
INSERT INTO `yx_sys_users` VALUES (530, '千葉大地', 'gKWpa2qCyv', NULL, 'chibadaichi2@gmail.com', '5485 324408', 1, '2006-06-02 09:55:18', '2023-06-02 08:56:01', 0);
INSERT INTO `yx_sys_users` VALUES (531, '梁青雲', 'aJD6RfcwAt', NULL, 'chingwan03@outlook.com', '312-976-9660', 1, '2013-03-19 06:31:12', '2000-02-29 11:08:16', 0);
INSERT INTO `yx_sys_users` VALUES (532, '李小慧', 'icKwwh1nXL', NULL, 'leesiuwai@gmail.com', '312-426-3639', 1, '2008-09-06 08:51:52', '2020-10-13 08:02:54', 1);
INSERT INTO `yx_sys_users` VALUES (533, '孫曉彤', 'panSxltB0n', NULL, 'hiutung1@mail.com', '718-148-6369', 0, '2006-03-08 05:17:35', '2001-09-19 08:51:13', 1);
INSERT INTO `yx_sys_users` VALUES (534, '上田和真', 'AX3LGdTueA', NULL, 'kue@outlook.com', '(1865) 11 2675', 0, '2002-03-04 06:45:47', '2021-11-29 14:16:57', 0);
INSERT INTO `yx_sys_users` VALUES (535, '野口七海', 'R6USLGPDD7', NULL, 'noguchinanami@icloud.com', '80-3820-0554', 0, '2017-09-29 13:32:33', '2001-10-05 05:24:24', 1);
INSERT INTO `yx_sys_users` VALUES (536, '萬力申', 'hOj3ZKTMbm', NULL, 'mengls@outlook.com', '614-886-4839', 1, '2014-09-24 22:09:31', '2011-05-28 20:11:33', 1);
INSERT INTO `yx_sys_users` VALUES (537, '今井樹', 'qIuMa2FzH1', NULL, 'imai3@gmail.com', '330-255-9419', 0, '2016-02-03 15:42:10', '2007-03-05 21:16:36', 1);
INSERT INTO `yx_sys_users` VALUES (538, '姜永發', 'fvKG6CsvQR', NULL, 'wfchang@outlook.com', '(151) 911 2157', 0, '2002-11-11 18:10:17', '2002-05-18 12:43:39', 0);
INSERT INTO `yx_sys_users` VALUES (539, '森田涼太', 'Zc1JaejccN', NULL, 'ryotam@icloud.com', '139-9531-6753', 1, '2001-04-06 23:39:31', '2019-03-22 04:00:57', 0);
INSERT INTO `yx_sys_users` VALUES (540, '梅祖兒', '84E6S3jD9E', NULL, 'chomui9@outlook.com', '3-5135-6237', 1, '2004-11-06 03:09:40', '2016-08-29 20:03:12', 1);
INSERT INTO `yx_sys_users` VALUES (541, '千葉一輝', 'n8f7Sav6rn', NULL, 'chiba911@outlook.com', '330-681-1346', 1, '2006-02-16 22:52:26', '2001-06-10 16:59:26', 1);
INSERT INTO `yx_sys_users` VALUES (542, '大塚瑛太', '12mgZztK8s', NULL, 'eitaotsuka@mail.com', '5809 547823', 0, '2003-06-12 19:38:11', '2006-05-06 13:21:23', 1);
INSERT INTO `yx_sys_users` VALUES (543, '鐘心穎', 'EB0Khj8WWl', NULL, 'chungsumwing@yahoo.com', '70-2347-1666', 1, '2009-03-22 00:03:50', '2018-05-27 12:02:18', 0);
INSERT INTO `yx_sys_users` VALUES (544, '應家玲', 'sf7MY9ETHt', NULL, 'kalingy@yahoo.com', '330-204-9041', 1, '2021-09-17 14:37:33', '2021-02-06 09:20:06', 1);
INSERT INTO `yx_sys_users` VALUES (545, '菊地瑛太', 'umvLaSIQYi', NULL, 'kikuchie@icloud.com', '769-584-7735', 1, '2010-03-15 07:11:20', '2010-03-11 13:55:55', 0);
INSERT INTO `yx_sys_users` VALUES (546, '傅潤發', '2cq2Ue6bVj', NULL, 'yffu227@gmail.com', '7174 132476', 1, '2021-04-25 16:40:35', '2014-01-04 21:42:19', 0);
INSERT INTO `yx_sys_users` VALUES (547, '呂浩然', 'PTHS8nKLWJ', NULL, 'lui99@gmail.com', '838-631-7430', 1, '2001-06-08 03:09:05', '2013-05-08 14:29:11', 1);
INSERT INTO `yx_sys_users` VALUES (548, '元天樂', 'U4stM6bXWq', NULL, 'tinlokyue@mail.com', '3-9824-4456', 1, '2009-03-31 08:21:17', '2011-01-28 07:24:42', 1);
INSERT INTO `yx_sys_users` VALUES (549, '崔慧琳', 'SLh3KK2Eg3', NULL, 'wailamchoi429@gmail.com', '90-0135-4261', 0, '2011-12-12 06:43:01', '2022-04-20 12:30:29', 0);
INSERT INTO `yx_sys_users` VALUES (550, '張國賢', 'L0RCDMFpQW', NULL, 'kwokyincheung@gmail.com', '718-267-6420', 0, '2013-02-20 09:32:42', '2000-05-16 15:22:56', 0);
INSERT INTO `yx_sys_users` VALUES (551, '鄺俊宇', 'DyGGFk8725', NULL, 'chunyu926@outlook.com', '614-426-6892', 0, '2002-05-07 21:11:45', '2015-09-29 23:10:41', 0);
INSERT INTO `yx_sys_users` VALUES (552, '藤井明菜', 'j9Phyz0fp0', NULL, 'afujii@icloud.com', '838-028-9955', 0, '2004-01-12 19:55:26', '2002-03-09 18:17:07', 1);
INSERT INTO `yx_sys_users` VALUES (553, '木下玲奈', 'LXdL64Gfxc', NULL, 'kinoshita714@outlook.com', '74-217-5213', 0, '2016-04-28 07:58:24', '2016-04-18 17:05:18', 0);
INSERT INTO `yx_sys_users` VALUES (554, '姚淑怡', 'WyrwQxfqpi', NULL, 'yeowsy@yahoo.com', '330-577-0353', 0, '2001-05-24 23:23:25', '2014-01-16 06:13:19', 0);
INSERT INTO `yx_sys_users` VALUES (555, '宮本一輝', 'ntvvjatU9E', NULL, 'miik@mail.com', '143-4626-8571', 1, '2003-11-09 03:03:00', '2003-10-21 19:52:30', 1);
INSERT INTO `yx_sys_users` VALUES (556, '溫裕玲', 'g0JdGoJyFH', NULL, 'wanyuling@gmail.com', '28-378-7456', 0, '2012-07-03 01:20:01', '2003-08-07 16:42:20', 0);
INSERT INTO `yx_sys_users` VALUES (557, '山口悠人', '62kqq6XKUr', NULL, 'yamaguchiyu929@gmail.com', '74-806-7117', 1, '2012-06-29 18:49:13', '2018-05-09 00:56:34', 1);
INSERT INTO `yx_sys_users` VALUES (558, '佘梓晴', 'JwuLV9sGyv', NULL, 'tszchingsheh@yahoo.com', '90-1058-4452', 0, '2004-05-02 20:29:44', '2006-09-09 10:56:34', 1);
INSERT INTO `yx_sys_users` VALUES (559, '丸山葵', 'vlQnv83uu3', NULL, 'am925@icloud.com', '52-724-9713', 1, '2021-06-25 17:13:36', '2003-04-02 21:44:08', 1);
INSERT INTO `yx_sys_users` VALUES (560, '方思妤', 'XQnGFgvN68', NULL, 'szeyu203@mail.com', '80-3926-0105', 1, '2023-08-09 02:36:00', '2023-06-04 10:57:07', 1);
INSERT INTO `yx_sys_users` VALUES (561, '小野葵', '08iV6H1N7q', NULL, 'aon@outlook.com', '66-295-4080', 1, '2008-08-16 04:36:14', '2015-02-28 05:46:19', 1);
INSERT INTO `yx_sys_users` VALUES (562, '譚慧嫻', 'kgafAPeMJ6', NULL, 'whtam@yahoo.com', '90-3805-4494', 1, '2023-10-16 06:54:11', '2002-07-29 05:07:41', 1);
INSERT INTO `yx_sys_users` VALUES (563, '阮國明', 'dTUdYc83Rq', NULL, 'yuenkm724@icloud.com', '(116) 829 1609', 1, '2010-12-27 14:11:03', '2003-02-14 14:14:56', 0);
INSERT INTO `yx_sys_users` VALUES (564, '太田蓮', '1c9X1sam3D', NULL, 'otren@outlook.com', '74-100-5735', 1, '2006-05-20 20:36:34', '2008-05-14 09:31:23', 1);
INSERT INTO `yx_sys_users` VALUES (565, '増田美月', 'rjYvwRpvZH', NULL, 'mitsukimasuda@outlook.com', '838-793-2471', 1, '2002-04-05 09:56:18', '2020-05-03 11:25:37', 0);
INSERT INTO `yx_sys_users` VALUES (566, '吳永權', 'GOlqPDybVj', NULL, 'ngwi520@hotmail.com', '70-1622-7079', 1, '2017-11-03 14:07:16', '2009-02-10 02:25:32', 1);
INSERT INTO `yx_sys_users` VALUES (567, '蔡俊宇', 'vMbKAQ0Vzg', NULL, 'chunyuch@gmail.com', '213-707-4428', 0, '2010-01-29 01:21:37', '2015-08-17 11:10:52', 1);
INSERT INTO `yx_sys_users` VALUES (568, '徐惠妹', 'rFsdDAWfAX', NULL, 'tsuihuimei@gmail.com', '66-570-6749', 0, '2013-07-03 21:40:36', '2000-10-05 10:43:35', 1);
INSERT INTO `yx_sys_users` VALUES (569, '元裕玲', 'NL8GB3dqUI', NULL, 'yuenyuling@outlook.com', '90-0626-4277', 0, '2015-11-14 02:38:19', '2014-09-08 14:43:24', 0);
INSERT INTO `yx_sys_users` VALUES (570, '藤原美緒', 'dM8GD2LHRi', NULL, 'mfujiwara@yahoo.com', '90-8620-8098', 1, '2014-03-24 13:49:42', '2018-12-06 08:30:56', 1);
INSERT INTO `yx_sys_users` VALUES (571, '渡辺翼', 'OlabCZi7Gv', NULL, 'tsubasasat@outlook.com', '212-894-5524', 1, '2002-12-22 09:08:36', '2007-02-25 02:15:57', 1);
INSERT INTO `yx_sys_users` VALUES (572, '木下和真', 'MvPLeQKfgy', NULL, 'kazumakin@icloud.com', '7919 074149', 1, '2005-08-10 15:17:21', '2011-01-05 11:48:31', 1);
INSERT INTO `yx_sys_users` VALUES (573, '梁榮發', 'xu5ocuj34l', NULL, 'wingfatle@icloud.com', '70-8694-6006', 0, '2001-10-23 20:17:41', '2006-09-22 08:59:44', 0);
INSERT INTO `yx_sys_users` VALUES (574, '斉藤舞', '9nELEwFHPW', NULL, 'maisaito@gmail.com', '5696 398125', 1, '2000-04-12 21:53:25', '2015-05-26 11:23:45', 0);
INSERT INTO `yx_sys_users` VALUES (575, '胡俊宇', 'NUTjaPf8kF', NULL, 'chunyu609@gmail.com', '330-566-6844', 0, '2003-08-29 19:21:48', '2022-01-13 17:22:32', 1);
INSERT INTO `yx_sys_users` VALUES (576, '樊裕玲', 'CduIUWd3ZI', NULL, 'ylfa@icloud.com', '213-734-8633', 0, '2008-06-18 17:15:08', '2013-01-27 14:40:56', 1);
INSERT INTO `yx_sys_users` VALUES (577, '阮德華', 'behMHlOwWF', NULL, 'twyu@outlook.com', '195-5706-4077', 1, '2013-08-17 01:22:31', '2018-12-06 03:15:38', 0);
INSERT INTO `yx_sys_users` VALUES (578, '江國權', 'tL8bbZ935G', NULL, 'kong1106@mail.com', '312-401-8711', 0, '2017-12-14 11:58:48', '2023-11-12 22:12:21', 1);
INSERT INTO `yx_sys_users` VALUES (579, '黎朝偉', 'eH2uKA0GLv', NULL, 'lachiuwai15@gmail.com', '760-069-9317', 1, '2012-08-08 17:39:42', '2019-02-20 02:52:25', 1);
INSERT INTO `yx_sys_users` VALUES (580, '蔣頴璇', '5tPuMO9SQK', NULL, 'chiang8@yahoo.com', '5517 291179', 0, '2007-01-08 12:44:53', '2020-05-10 08:22:24', 1);
INSERT INTO `yx_sys_users` VALUES (581, '餘家文', 'SCCIC19hiV', NULL, 'kamany513@icloud.com', '21-508-3399', 0, '2012-03-05 19:40:06', '2015-08-17 21:46:47', 1);
INSERT INTO `yx_sys_users` VALUES (582, '増田蓮', 'Oh6SxJRcXE', NULL, 'masudaren@yahoo.com', '718-622-3787', 1, '2019-07-09 20:48:57', '2002-01-12 09:34:38', 0);
INSERT INTO `yx_sys_users` VALUES (583, '岡田優奈', 'gJdzu37XWk', NULL, 'yokada@icloud.com', '330-579-5980', 0, '2007-05-07 05:36:40', '2013-06-30 11:37:30', 0);
INSERT INTO `yx_sys_users` VALUES (584, '丸山大地', '97TvkpDI8k', NULL, 'daichi74@gmail.com', '838-883-6202', 1, '2007-09-01 07:00:46', '2000-02-12 09:20:06', 0);
INSERT INTO `yx_sys_users` VALUES (585, '任曉彤', 'Z1CgtT8ihN', NULL, 'yamhiutung@gmail.com', '769-971-5542', 1, '2015-12-07 23:35:59', '2009-11-26 16:06:18', 1);
INSERT INTO `yx_sys_users` VALUES (586, '車永權', 'Ludb7SFoXr', NULL, 'chewingkuen@hotmail.com', '153-6529-6794', 1, '2010-05-14 03:07:47', '2006-11-20 13:56:23', 1);
INSERT INTO `yx_sys_users` VALUES (587, '渡辺葉月', 'DS8qFe73fQ', NULL, 'hazukisato59@icloud.com', '213-974-0401', 1, '2020-09-28 08:56:07', '2023-02-17 21:58:47', 0);
INSERT INTO `yx_sys_users` VALUES (588, '苗國賢', 'm0vm63YyYn', NULL, 'kymi@gmail.com', '180-2351-5502', 0, '2009-02-03 05:23:45', '2018-09-28 07:41:33', 1);
INSERT INTO `yx_sys_users` VALUES (589, '何霆鋒', 'QFwYGnnTs2', NULL, 'tingfung66@mail.com', '330-943-3882', 1, '2020-12-05 04:26:26', '2006-01-16 00:25:58', 0);
INSERT INTO `yx_sys_users` VALUES (590, '麥秀文', 'IQmQEvMnQ4', NULL, 'saumanmak@gmail.com', '718-268-3609', 0, '2020-03-29 21:19:11', '2018-10-19 04:08:50', 1);
INSERT INTO `yx_sys_users` VALUES (591, '谷國榮', 'PZw0rUhzuU', NULL, 'kwokwingk@outlook.com', '7031 408065', 1, '2003-07-21 01:29:01', '2011-03-19 12:53:41', 1);
INSERT INTO `yx_sys_users` VALUES (592, '傅慧嫻', 'e660ifABFz', NULL, 'fu2@yahoo.com', '3-9064-7281', 1, '2003-04-19 21:44:00', '2001-01-02 06:35:22', 0);
INSERT INTO `yx_sys_users` VALUES (593, '高橋瑛太', 'kmE8T5BSo9', NULL, 'eitt2012@gmail.com', '838-173-0421', 1, '2015-11-28 15:42:08', '2007-06-07 05:10:52', 0);
INSERT INTO `yx_sys_users` VALUES (594, '上田健太', 'ed6Ky2rsF2', NULL, 'kueda8@outlook.com', '(1865) 43 6189', 0, '2001-02-03 02:41:25', '2017-05-23 05:09:35', 1);
INSERT INTO `yx_sys_users` VALUES (595, '中島涼太', 'C0E1K4GdqD', NULL, 'nakajimaryota@icloud.com', '70-8655-9565', 1, '2017-07-23 10:56:15', '2015-07-01 04:32:39', 0);
INSERT INTO `yx_sys_users` VALUES (596, '後藤花', 'MARxPae2jo', NULL, 'hgoto704@outlook.com', '7273 499717', 1, '2014-03-23 15:37:27', '2021-07-04 21:12:46', 0);
INSERT INTO `yx_sys_users` VALUES (597, '小野悠人', 'P4pylShT8n', NULL, 'yutoo67@hotmail.com', '212-251-1534', 0, '2022-06-02 01:16:49', '2000-02-25 09:38:05', 1);
INSERT INTO `yx_sys_users` VALUES (598, '鄺惠敏', 'HYOmkYNi73', NULL, 'wmkw4@yahoo.com', '197-1971-7221', 0, '2021-11-03 17:59:15', '2012-09-22 21:15:31', 0);
INSERT INTO `yx_sys_users` VALUES (599, '石川大輔', 'sc2gxHrLGw', NULL, 'ishidai@gmail.com', '5805 224673', 1, '2010-06-12 09:36:34', '2014-09-29 14:14:17', 0);
INSERT INTO `yx_sys_users` VALUES (600, '邱天樂', 'G1DC0VTpAN', NULL, 'tly304@gmail.com', '7943 121081', 1, '2011-03-30 03:24:06', '2005-10-13 20:45:26', 0);
INSERT INTO `yx_sys_users` VALUES (601, '元麗欣', 'rb7ojpDjyn', NULL, 'yuelaiyan@gmail.com', '5323 064251', 1, '2018-07-30 09:57:35', '2013-03-18 21:34:49', 1);
INSERT INTO `yx_sys_users` VALUES (602, '官詠詩', 'h5oKBO6eWM', NULL, 'koonws67@gmail.com', '838-174-5719', 1, '2019-04-11 02:18:34', '2002-04-14 22:59:00', 0);
INSERT INTO `yx_sys_users` VALUES (603, '新井桜', 'Myx46kBDMF', NULL, 'asakura45@yahoo.com', '330-018-3398', 1, '2007-01-02 00:53:49', '2005-09-03 04:45:23', 1);
INSERT INTO `yx_sys_users` VALUES (604, '鐘明詩', 'xHnrISyLYe', NULL, 'cmingsze@gmail.com', '66-877-1197', 0, '2007-01-22 08:56:00', '2013-08-02 18:20:34', 1);
INSERT INTO `yx_sys_users` VALUES (605, '河野光莉', 'SsvuqxoFO6', NULL, 'konohikari@icloud.com', '(1865) 39 5296', 1, '2010-03-19 15:23:50', '2012-12-21 16:25:54', 1);
INSERT INTO `yx_sys_users` VALUES (606, '森拓哉', 'tTNtliNXtS', NULL, 'mori112@gmail.com', '5630 943931', 1, '2004-10-13 04:09:16', '2014-09-16 16:25:17', 1);
INSERT INTO `yx_sys_users` VALUES (607, '麥永權', 'zavskhBOy6', NULL, 'makwingkuen@outlook.com', '614-723-8590', 1, '2012-04-17 20:38:21', '2018-12-28 02:45:56', 0);
INSERT INTO `yx_sys_users` VALUES (608, '平野百花', 'CvCeHKcmfX', NULL, 'hiranomomoka1954@gmail.com', '(121) 981 0005', 0, '2005-10-24 13:03:49', '2008-11-12 14:30:53', 1);
INSERT INTO `yx_sys_users` VALUES (609, '谷口湊', 'xMSjjBrHe1', NULL, 'taniguchimin@gmail.com', '(1865) 78 3569', 0, '2004-05-01 12:06:48', '2019-12-20 19:09:16', 0);
INSERT INTO `yx_sys_users` VALUES (610, '湯淑怡', '3aE6bK8dqj', NULL, 'tsukyee9@gmail.com', '213-738-1576', 1, '2006-07-02 13:37:52', '2002-01-09 22:30:26', 1);
INSERT INTO `yx_sys_users` VALUES (611, '麥仲賢', 'eI7Y2Y6VD4', NULL, 'mchungyin@outlook.com', '10-0977-8987', 0, '2017-06-05 10:10:37', '2007-08-10 08:27:05', 1);
INSERT INTO `yx_sys_users` VALUES (612, '麥心穎', 'YoSya6wT88', NULL, 'summak@gmail.com', '838-458-6533', 1, '2009-06-15 03:09:33', '2015-08-18 14:38:03', 1);
INSERT INTO `yx_sys_users` VALUES (613, '井上凛', 'IHfoJZB2TU', NULL, 'rinin@hotmail.com', '5169 707464', 0, '2005-12-16 10:20:57', '2019-10-15 09:57:36', 0);
INSERT INTO `yx_sys_users` VALUES (614, '毛榮發', 'BQJhThnWO6', NULL, 'wfmo7@gmail.com', '70-1989-8740', 0, '2006-08-15 00:44:44', '2013-08-22 23:51:28', 1);
INSERT INTO `yx_sys_users` VALUES (615, '黎榮發', 'WrcIq5TKlP', NULL, 'wingfatlai1979@mail.com', '7830 999812', 1, '2019-09-11 15:34:40', '2020-07-03 03:54:26', 1);
INSERT INTO `yx_sys_users` VALUES (616, '唐國榮', 'KeOodPHkwY', NULL, 'tongkw@gmail.com', '5190 609042', 0, '2018-02-13 03:17:10', '2020-12-26 03:23:40', 1);
INSERT INTO `yx_sys_users` VALUES (617, '林德華', 'mq12PNf1Qf', NULL, 'lamtw@icloud.com', '838-644-7648', 1, '2012-08-13 21:56:12', '2015-06-03 12:15:52', 1);
INSERT INTO `yx_sys_users` VALUES (618, '駱學友', 'ohegDwAVDb', NULL, 'hoklok9@outlook.com', '614-618-4925', 1, '2011-09-02 12:34:00', '2015-05-21 17:51:02', 1);
INSERT INTO `yx_sys_users` VALUES (619, '官發', 'KomvEPn81A', NULL, 'fatkoon@icloud.com', '52-193-5326', 1, '2004-02-13 04:14:20', '2002-07-24 07:50:31', 1);
INSERT INTO `yx_sys_users` VALUES (620, '張思妤', 'dDFZWmFiAq', NULL, 'chsz1942@outlook.com', '70-9234-1224', 0, '2006-10-04 18:54:18', '2012-09-14 20:14:40', 0);
INSERT INTO `yx_sys_users` VALUES (621, '藤原舞', 'LRHkJW0eCX', NULL, 'maifujiwara518@gmail.com', '(121) 652 3043', 0, '2023-12-28 21:10:17', '2006-09-12 23:15:28', 1);
INSERT INTO `yx_sys_users` VALUES (622, '長谷川光', 'CuDsiFVJkh', NULL, 'hash3@yahoo.com', '165-4696-4452', 0, '2022-10-04 19:30:21', '2007-03-25 13:14:27', 1);
INSERT INTO `yx_sys_users` VALUES (623, '向慧儀', 'jhpqMcwYkO', NULL, 'heungwaiyee@gmail.com', '(161) 970 3178', 0, '2017-01-12 08:04:41', '2023-10-29 10:08:28', 0);
INSERT INTO `yx_sys_users` VALUES (624, '佐々木涼太', 'jf74Gf30JY', NULL, 'sasaki54@yahoo.com', '718-211-6850', 1, '2023-07-23 17:33:16', '2019-11-22 09:17:26', 1);
INSERT INTO `yx_sys_users` VALUES (625, '羅曉彤', '2fobQjbxjH', NULL, 'htlo406@hotmail.com', '7102 810841', 1, '2016-11-27 05:04:29', '2015-09-13 13:28:41', 0);
INSERT INTO `yx_sys_users` VALUES (626, '林大地', 'Kc7zMYW9I4', NULL, 'daichihayashi@mail.com', '330-938-4043', 0, '2019-02-15 16:08:48', '2012-04-22 07:40:20', 1);
INSERT INTO `yx_sys_users` VALUES (627, '姜富城', '5fPNiy57VJ', NULL, 'changfu@icloud.com', '66-612-2191', 1, '2010-01-06 11:08:56', '2014-08-18 05:47:09', 1);
INSERT INTO `yx_sys_users` VALUES (628, '翁裕玲', 'Nldj6CrdNl', NULL, 'yulingyung@mail.com', '66-596-8790', 1, '2003-01-13 10:04:55', '2012-10-27 18:43:30', 1);
INSERT INTO `yx_sys_users` VALUES (629, '内田愛梨', 'akC6bLY9m8', NULL, 'aiuchida@icloud.com', '213-301-3602', 0, '2018-05-14 03:35:16', '2001-03-01 10:19:26', 0);
INSERT INTO `yx_sys_users` VALUES (630, '李梓晴', 'haT6Ck286v', NULL, 'tszching10@gmail.com', '52-789-5189', 0, '2012-03-18 23:37:44', '2023-08-23 17:42:50', 1);
INSERT INTO `yx_sys_users` VALUES (631, '原田瑛太', 'p6if5o8eur', NULL, 'haradeita@outlook.com', '66-341-3173', 1, '2019-02-18 16:24:54', '2022-11-29 05:48:13', 0);
INSERT INTO `yx_sys_users` VALUES (632, '梅明', 'k9x1mkKzjN', NULL, 'muming@icloud.com', '755-8359-0601', 0, '2017-04-13 10:15:57', '2008-02-03 09:59:38', 1);
INSERT INTO `yx_sys_users` VALUES (633, '方慧琳', 'Rdszjvngei', NULL, 'fongwl@yahoo.com', '614-176-3906', 0, '2008-02-14 03:51:21', '2004-01-07 00:16:39', 0);
INSERT INTO `yx_sys_users` VALUES (634, '謝曉彤', 'U4yglCTWwe', NULL, 'tse69@gmail.com', '(1223) 77 1594', 1, '2002-04-02 07:21:16', '2004-09-28 11:51:41', 0);
INSERT INTO `yx_sys_users` VALUES (635, '樂青雲', 'dLwPrKO9WP', NULL, 'chingwanlo@outlook.com', '21-1557-9381', 0, '2008-01-07 08:23:08', '2008-11-30 21:51:30', 0);
INSERT INTO `yx_sys_users` VALUES (636, '楊頴璇', '72Sg16KL3J', NULL, 'wsyeung@gmail.com', '90-7952-0189', 0, '2008-11-04 23:14:18', '2018-03-12 21:11:03', 1);
INSERT INTO `yx_sys_users` VALUES (637, '増田涼太', 'F7yoh7P6YT', NULL, 'ryotamasuda326@gmail.com', '133-1645-0022', 1, '2021-05-13 03:23:43', '2010-01-11 18:16:59', 1);
INSERT INTO `yx_sys_users` VALUES (638, '岡本葉月', 'WGtlCYPazi', NULL, 'hazuki7@icloud.com', '66-802-3425', 0, '2012-10-20 17:50:23', '2015-12-21 02:30:57', 0);
INSERT INTO `yx_sys_users` VALUES (639, '谷慧琳', 'eIE10O0kOT', NULL, 'wailamko3@outlook.com', '10-4681-6019', 0, '2021-12-22 07:57:30', '2008-04-17 04:26:12', 1);
INSERT INTO `yx_sys_users` VALUES (640, '譚梓晴', 'cjOChWXYlT', NULL, 'tam1@gmail.com', '66-477-7920', 1, '2009-07-22 20:47:58', '2007-10-01 09:08:03', 1);
INSERT INTO `yx_sys_users` VALUES (641, '藍梓晴', 'UemOlaEZtN', NULL, 'lamtc1130@hotmail.com', '838-255-9140', 0, '2017-02-26 06:12:38', '2022-12-02 01:57:15', 0);
INSERT INTO `yx_sys_users` VALUES (642, '羅慧儀', 'LRAmcR7TEd', NULL, 'wylo@gmail.com', '166-2444-3996', 0, '2009-07-29 08:35:00', '2020-09-17 09:44:02', 0);
INSERT INTO `yx_sys_users` VALUES (643, '王慧嫻', 'IAWWHLPnNK', NULL, 'waihan1002@outlook.com', '330-800-9142', 0, '2014-10-02 17:28:03', '2011-08-30 09:40:57', 0);
INSERT INTO `yx_sys_users` VALUES (644, '村田湊', 'bdoDLFngU0', NULL, 'mmurata2@gmail.com', '52-283-2155', 0, '2002-05-05 06:09:50', '2024-02-11 15:28:52', 0);
INSERT INTO `yx_sys_users` VALUES (645, '菊地美緒', 'fkw8lfBGcQ', NULL, 'mio3@yahoo.com', '213-314-7085', 0, '2006-11-19 10:31:08', '2007-12-12 12:04:27', 1);
INSERT INTO `yx_sys_users` VALUES (646, '關國榮', '7PsJR5hv2X', NULL, 'kwokwing9@mail.com', '614-470-8365', 1, '2010-05-28 14:46:06', '2023-02-25 06:31:24', 0);
INSERT INTO `yx_sys_users` VALUES (647, '應朝偉', 'buzoiDAqMW', NULL, 'cwying718@outlook.com', '169-6561-9859', 1, '2009-09-22 06:11:48', '2016-10-27 07:20:36', 0);
INSERT INTO `yx_sys_users` VALUES (648, '阮仲賢', '2g2YGFJhbQ', NULL, 'chuyuen409@yahoo.com', '3-5342-0180', 1, '2011-10-01 19:21:03', '2019-04-27 18:41:20', 0);
INSERT INTO `yx_sys_users` VALUES (649, '方浩然', 'wp7WUGvFW1', NULL, 'fong1956@gmail.com', '718-514-6418', 0, '2014-07-31 03:09:42', '2019-11-07 23:32:00', 0);
INSERT INTO `yx_sys_users` VALUES (650, '李頴璇', 'Cfu7F5egpA', NULL, 'leews@icloud.com', '213-849-7879', 0, '2005-03-22 04:18:35', '2006-01-04 14:22:13', 1);
INSERT INTO `yx_sys_users` VALUES (651, '木下陽菜', 'drUUKKqJOf', NULL, 'hina531@icloud.com', '90-3745-8178', 0, '2020-12-16 11:27:52', '2019-05-28 05:35:46', 0);
INSERT INTO `yx_sys_users` VALUES (652, '雷祖兒', 'K2GCw78agC', NULL, 'louicy731@mail.com', '(1223) 46 1290', 1, '2003-11-30 07:42:27', '2015-07-05 08:20:15', 0);
INSERT INTO `yx_sys_users` VALUES (653, '伍浩然', 'nLiONqPz9w', NULL, 'hoyinng@gmail.com', '212-227-3829', 0, '2008-05-31 12:38:22', '2003-01-25 19:14:05', 1);
INSERT INTO `yx_sys_users` VALUES (654, '鄧心穎', '3g6s12sGIf', NULL, 'tsumwing725@outlook.com', '330-986-9059', 1, '2023-12-10 15:16:02', '2009-06-18 06:27:08', 0);
INSERT INTO `yx_sys_users` VALUES (655, '渡辺桜', 'hHsjp1mNsO', NULL, 'sakurasato@hotmail.com', '760-881-1974', 0, '2013-01-14 08:45:17', '2021-03-08 19:32:05', 0);
INSERT INTO `yx_sys_users` VALUES (656, '高橋明菜', 'sS4VvmAfNJ', NULL, 'akinatakah@gmail.com', '760-300-9029', 1, '2009-08-14 00:46:36', '2023-07-02 07:42:09', 1);
INSERT INTO `yx_sys_users` VALUES (657, '高慧珊', '7Y4LIphN1Q', NULL, 'kaows1994@yahoo.com', '7797 583640', 0, '2005-04-13 15:35:39', '2006-05-01 17:54:28', 0);
INSERT INTO `yx_sys_users` VALUES (658, '蔣淑怡', '0sNiB1nPgz', NULL, 'sukyee3@outlook.com', '312-486-1709', 1, '2012-09-19 08:04:00', '2009-01-01 16:31:45', 0);
INSERT INTO `yx_sys_users` VALUES (659, '汪頴璇', 'XlWaToAdJz', NULL, 'wongws@mail.com', '7355 826578', 1, '2015-03-11 20:54:34', '2007-01-01 16:58:35', 1);
INSERT INTO `yx_sys_users` VALUES (660, '内田葵', 'm6Z6bN6Vqy', NULL, 'ucaoi@gmail.com', '5642 484659', 1, '2012-09-09 19:35:50', '2020-02-12 22:24:35', 1);
INSERT INTO `yx_sys_users` VALUES (661, '小林優奈', 'beat1hOEY8', NULL, 'yunkob1963@icloud.com', '213-052-4554', 0, '2023-03-09 04:06:53', '2014-11-20 05:22:00', 1);
INSERT INTO `yx_sys_users` VALUES (662, '藍富城', 'KRSmdbvsV1', NULL, 'lamfus00@hotmail.com', '(151) 621 1442', 1, '2001-10-31 13:22:49', '2021-12-29 02:54:28', 0);
INSERT INTO `yx_sys_users` VALUES (663, '宮崎美月', '3gP5PP22kS', NULL, 'miyazaki101@icloud.com', '755-066-0014', 1, '2012-06-24 20:21:13', '2015-07-07 11:59:51', 1);
INSERT INTO `yx_sys_users` VALUES (664, '麥家玲', 'flLJjgYPat', NULL, 'kalma@icloud.com', '7180 598180', 0, '2015-08-30 00:26:43', '2003-08-07 21:25:27', 1);
INSERT INTO `yx_sys_users` VALUES (665, '鄭安娜', 'YygrSCQpYq', NULL, 'cheon1127@mail.com', '70-0044-7480', 1, '2010-12-12 09:23:24', '2009-11-07 00:52:21', 1);
INSERT INTO `yx_sys_users` VALUES (666, '林國賢', 'IodsMYlPZT', NULL, 'kwokyinlam@gmail.com', '10-762-9855', 1, '2024-01-17 00:49:47', '2001-08-19 17:10:11', 0);
INSERT INTO `yx_sys_users` VALUES (667, '成心穎', 'RLeXa05LBE', NULL, 'sumwingshin@icloud.com', '718-504-3019', 0, '2008-12-19 16:15:36', '2019-11-07 00:13:39', 0);
INSERT INTO `yx_sys_users` VALUES (668, '長谷川花', 'gLLdtkEgU9', NULL, 'hha95@gmail.com', '614-040-0058', 0, '2022-12-26 14:09:56', '2003-12-21 00:09:45', 1);
INSERT INTO `yx_sys_users` VALUES (669, '田家文', 'SYHCCavNwU', NULL, 'tinkaman@icloud.com', '718-925-7359', 1, '2011-10-03 03:35:57', '2000-03-23 16:38:27', 1);
INSERT INTO `yx_sys_users` VALUES (670, '増田拓哉', 'pxE9D6Mnn0', NULL, 'mataku@outlook.com', '5060 902314', 0, '2000-12-23 05:10:17', '2019-02-04 15:42:47', 0);
INSERT INTO `yx_sys_users` VALUES (671, '洪富城', '9L5d8aMIpS', NULL, 'fushing8@icloud.com', '28-9896-6723', 1, '2022-07-25 13:06:55', '2008-02-25 20:11:54', 0);
INSERT INTO `yx_sys_users` VALUES (672, '餘慧珊', '8z42yOIIbr', NULL, 'ywaisan1@gmail.com', '80-8554-9590', 0, '2017-06-28 21:35:50', '2003-05-10 09:56:08', 1);
INSERT INTO `yx_sys_users` VALUES (673, '崔安琪', 'r2aHuylD3I', NULL, 'choonkay225@gmail.com', '170-8741-4124', 1, '2018-01-28 00:24:17', '2009-10-07 20:59:12', 1);
INSERT INTO `yx_sys_users` VALUES (674, '許玲玲', 'FB9IsPKCCq', NULL, 'hll@gmail.com', '330-082-4108', 1, '2007-07-22 13:39:12', '2011-05-14 05:32:11', 1);
INSERT INTO `yx_sys_users` VALUES (675, '湯思妤', 's7FvtdkoAv', NULL, 'syt@icloud.com', '614-123-2776', 1, '2003-10-25 09:59:03', '2006-06-14 20:40:46', 1);
INSERT INTO `yx_sys_users` VALUES (676, '鄭明詩', 'Rv4UvkTvzF', NULL, 'chmingsze10@icloud.com', '80-8164-3354', 1, '2007-06-28 12:59:40', '2005-09-18 02:34:03', 1);
INSERT INTO `yx_sys_users` VALUES (677, '邵明詩', 'ISkwQ9fwPY', NULL, 'mssiu511@yahoo.com', '150-5788-4451', 0, '2012-02-02 14:31:50', '2017-06-10 10:28:16', 1);
INSERT INTO `yx_sys_users` VALUES (678, '苗安琪', 'Qx2aRwF949', NULL, 'miuonk@outlook.com', '10-423-8944', 0, '2019-05-31 23:49:19', '2002-11-11 02:49:07', 0);
INSERT INTO `yx_sys_users` VALUES (679, '車詠詩', '0yQWk0P2DR', NULL, 'che318@gmail.com', '838-597-5357', 0, '2006-05-01 11:18:32', '2019-08-08 11:03:18', 1);
INSERT INTO `yx_sys_users` VALUES (680, '高家輝', 'VupP0NZ44R', NULL, 'kfk6@yahoo.com', '183-7692-6130', 1, '2020-11-24 14:18:06', '2015-09-13 09:05:37', 1);
INSERT INTO `yx_sys_users` VALUES (681, '楊國賢', 'BhC4bI3bxj', NULL, 'kyye@icloud.com', '90-8345-8957', 0, '2000-04-05 18:00:45', '2020-10-02 00:39:22', 0);
INSERT INTO `yx_sys_users` VALUES (682, '福田一輝', '3q3YA4i51K', NULL, 'ikki318@outlook.com', '614-366-4261', 1, '2006-08-21 13:09:24', '2014-08-16 01:28:15', 1);
INSERT INTO `yx_sys_users` VALUES (683, '宮本翼', 'wR2jsYPE4t', NULL, 'miyat@outlook.com', '194-3430-2311', 0, '2019-12-22 12:25:10', '2006-03-12 22:34:25', 1);
INSERT INTO `yx_sys_users` VALUES (684, '宣朝偉', '4i6ugwCvvv', NULL, 'hchiuwai624@icloud.com', '28-2944-3216', 0, '2006-08-21 21:25:50', '2021-10-18 14:01:30', 1);
INSERT INTO `yx_sys_users` VALUES (685, '藤原一輝', 'kmRncqP9TQ', NULL, 'fuik@gmail.com', '11-046-6287', 0, '2016-12-09 02:04:58', '2007-10-20 04:45:13', 1);
INSERT INTO `yx_sys_users` VALUES (686, '竹内涼太', 'vv3UjfetEh', NULL, 'ryotatakeuchi@gmail.com', '330-037-3483', 0, '2010-05-11 13:33:43', '2006-06-21 02:28:07', 0);
INSERT INTO `yx_sys_users` VALUES (687, '苗俊宇', 'RcISwOtJV1', NULL, 'chunyumiu08@yahoo.com', '20-1782-4677', 1, '2020-02-24 20:20:41', '2013-03-22 07:47:32', 1);
INSERT INTO `yx_sys_users` VALUES (688, '坂本愛梨', 'YXd0XNX8n9', NULL, 'sairi5@icloud.com', '312-776-5953', 0, '2018-03-12 10:19:49', '2021-03-25 09:16:59', 1);
INSERT INTO `yx_sys_users` VALUES (689, '文小慧', 'B8QgTCpyzL', NULL, 'siuwaiman@icloud.com', '213-463-1415', 0, '2019-10-25 07:25:39', '2005-10-08 02:28:56', 1);
INSERT INTO `yx_sys_users` VALUES (690, '中川結翔', 'nFShHxAadd', NULL, 'nakagawa77@icloud.com', '10-367-2053', 0, '2001-11-10 23:57:20', '2014-11-10 14:14:23', 0);
INSERT INTO `yx_sys_users` VALUES (691, '野口舞', 'rpqZ7OuGh3', NULL, 'mn10@outlook.com', '213-866-6205', 0, '2005-06-05 11:47:46', '2004-05-25 22:47:02', 1);
INSERT INTO `yx_sys_users` VALUES (692, '杜志明', 'pR03arUMa9', NULL, 'chiming15@outlook.com', '80-5808-3129', 0, '2019-04-28 18:49:33', '2013-02-17 00:46:52', 0);
INSERT INTO `yx_sys_users` VALUES (693, '尹玲玲', 'zYrcOXkMiX', NULL, 'linglingyi75@hotmail.com', '(121) 230 8230', 0, '2005-09-08 16:19:44', '2010-09-08 06:34:54', 0);
INSERT INTO `yx_sys_users` VALUES (694, '戴安娜', 'PwZVsSxLLo', NULL, 'onnadai4@icloud.com', '70-0832-8311', 0, '2022-07-08 22:37:21', '2004-08-02 19:37:48', 0);
INSERT INTO `yx_sys_users` VALUES (695, '狄慧嫻', 'WsRTg05sYi', NULL, 'twh@icloud.com', '(151) 223 1094', 0, '2005-03-28 02:47:44', '2005-07-04 01:24:29', 0);
INSERT INTO `yx_sys_users` VALUES (696, '谷小慧', 'GYTvQCPxdG', NULL, 'koo5@gmail.com', '52-337-5234', 0, '2020-08-17 17:00:47', '2001-06-08 11:16:38', 0);
INSERT INTO `yx_sys_users` VALUES (697, '桜井陽菜', 'bzvlziWMM9', NULL, 'sakurhina@yahoo.com', '193-6464-3886', 0, '2007-07-17 09:21:49', '2004-03-04 19:53:13', 0);
INSERT INTO `yx_sys_users` VALUES (698, '劉家強', 'iAJCjYzrUG', NULL, 'laukk@gmail.com', '52-654-8150', 1, '2015-12-05 19:27:47', '2001-12-17 17:40:33', 1);
INSERT INTO `yx_sys_users` VALUES (699, '薛頴璇', 'YK0RCrrqw3', NULL, 'sitwingsuen@gmail.com', '132-8894-7804', 0, '2008-01-30 13:17:34', '2008-03-03 17:23:11', 0);
INSERT INTO `yx_sys_users` VALUES (700, '斉藤光莉', 'RyyJgvE2CG', NULL, 'saitohikari@gmail.com', '330-648-4805', 0, '2009-12-14 07:57:50', '2012-09-10 23:26:33', 1);
INSERT INTO `yx_sys_users` VALUES (701, '成梓軒', 'q7FZwlEYaG', NULL, 'thsh@gmail.com', '7069 343471', 0, '2022-05-30 03:33:11', '2020-04-03 05:57:32', 0);
INSERT INTO `yx_sys_users` VALUES (702, '桜井翼', 'lm3TBwjp6K', NULL, 'sakurai7@gmail.com', '5600 620700', 0, '2018-08-21 06:27:30', '2017-10-01 00:50:18', 1);
INSERT INTO `yx_sys_users` VALUES (703, '苗頴璇', 'V5uNnv6OzI', NULL, 'wingsuen626@icloud.com', '90-0097-0183', 0, '2016-03-09 02:26:49', '2014-03-18 14:56:25', 0);
INSERT INTO `yx_sys_users` VALUES (704, '劉家輝', '6wpnoAkLYQ', NULL, 'kafai4@hotmail.com', '90-7029-1691', 1, '2004-04-10 17:01:12', '2005-07-25 17:13:31', 0);
INSERT INTO `yx_sys_users` VALUES (705, '斎藤樹', '7Q7vLvIDGV', NULL, 'itsukisaito3@hotmail.com', '80-1301-6418', 1, '2011-06-08 18:54:44', '2006-03-17 02:55:34', 0);
INSERT INTO `yx_sys_users` VALUES (706, '朱榮發', 'HLXs05YwOV', NULL, 'chu1@yahoo.com', '7773 296303', 0, '2012-09-14 04:58:56', '2007-03-07 17:27:36', 0);
INSERT INTO `yx_sys_users` VALUES (707, '梅力申', 'WZ2XAKmf1d', NULL, 'lsmui1218@outlook.com', '164-2015-5010', 0, '2022-06-03 03:53:42', '2023-03-27 18:33:22', 0);
INSERT INTO `yx_sys_users` VALUES (708, '杉山拓哉', 'Df94qzCqjr', NULL, 'takuyasugiyama920@gmail.com', '155-1980-2293', 1, '2003-08-24 20:13:02', '2008-08-02 18:23:57', 1);
INSERT INTO `yx_sys_users` VALUES (709, '小野陽菜', 'IXq2B2KuIf', NULL, 'onohina@gmail.com', '70-5608-7550', 1, '2010-02-13 19:42:58', '2010-12-30 15:04:18', 1);
INSERT INTO `yx_sys_users` VALUES (710, '竹内陽太', 'gF1R5SOpBY', NULL, 'takeuchiyota@hotmail.com', '52-261-4596', 0, '2000-06-02 07:17:14', '2007-08-24 14:52:25', 0);
INSERT INTO `yx_sys_users` VALUES (711, '韓明詩', 'ZDsHOyKdbC', NULL, 'hanms@gmail.com', '312-360-9609', 1, '2019-12-07 16:42:15', '2021-11-24 02:11:28', 1);
INSERT INTO `yx_sys_users` VALUES (712, '河野和真', 'naquXReJi6', NULL, 'konokazuma@icloud.com', '330-258-2717', 1, '2006-03-10 01:48:20', '2014-10-20 01:43:45', 0);
INSERT INTO `yx_sys_users` VALUES (713, '石井明菜', 'sf5ctML34P', NULL, 'akinaishii4@gmail.com', '5055 947334', 1, '2004-12-13 19:58:29', '2006-01-02 08:34:35', 1);
INSERT INTO `yx_sys_users` VALUES (714, '關青雲', 'Miu8xcOJn3', NULL, 'kwancw8@outlook.com', '614-856-0510', 1, '2006-12-02 11:01:45', '2019-11-22 17:09:17', 1);
INSERT INTO `yx_sys_users` VALUES (715, '石川瑛太', 'ZqKRHHXdZi', NULL, 'eitaishikawa@gmail.com', '614-064-3992', 1, '2012-04-15 05:18:13', '2011-09-30 08:46:39', 0);
INSERT INTO `yx_sys_users` VALUES (716, '陶家強', 'IeT3D1gSvk', NULL, 'tkk@icloud.com', '760-8316-9544', 0, '2020-10-25 09:27:32', '2004-03-20 20:28:31', 0);
INSERT INTO `yx_sys_users` VALUES (717, '梁家輝', 'CkOY6Ovx29', NULL, 'kaleu1221@yahoo.com', '718-019-2343', 1, '2000-07-01 18:58:59', '2009-04-29 08:09:54', 0);
INSERT INTO `yx_sys_users` VALUES (718, '山本和真', 'wIgu1v9gPM', NULL, 'yk1976@mail.com', '5690 298031', 1, '2012-02-21 03:03:25', '2020-12-05 03:42:12', 0);
INSERT INTO `yx_sys_users` VALUES (719, '姚杰倫', 'KbDfRjGXT0', NULL, 'yeow118@icloud.com', '186-1763-5390', 1, '2014-06-17 16:54:45', '2008-05-29 09:58:22', 1);
INSERT INTO `yx_sys_users` VALUES (720, '坂本聖子', '0KKekhwXH6', NULL, 'seikos@gmail.com', '21-7831-2155', 0, '2021-04-03 23:07:25', '2006-09-04 19:22:12', 0);
INSERT INTO `yx_sys_users` VALUES (721, '尹秀文', 'CGivwTFSrM', NULL, 'yisauman@hotmail.com', '7709 604069', 0, '2001-10-02 01:20:09', '2019-01-12 00:03:04', 0);
INSERT INTO `yx_sys_users` VALUES (722, '西村百恵', 'op4VcBN6mN', NULL, 'nishimuram61@icloud.com', '52-378-5725', 1, '2000-03-13 04:12:05', '2013-05-18 23:54:58', 1);
INSERT INTO `yx_sys_users` VALUES (723, '村田聖子', '9sJ0cn0c0W', NULL, 'murata5@icloud.com', '90-6520-1390', 0, '2021-08-11 17:37:23', '2000-09-21 00:59:21', 0);
INSERT INTO `yx_sys_users` VALUES (724, '小川結翔', 'bzw2HqPqS9', NULL, 'yuitogaw10@hotmail.com', '80-9907-1121', 1, '2006-04-13 22:21:21', '2016-05-23 11:00:05', 0);
INSERT INTO `yx_sys_users` VALUES (725, '渡辺光莉', 'l6rhI48kIt', NULL, 'hikaris@yahoo.com', '66-442-6427', 1, '2020-04-03 02:28:00', '2011-07-02 10:14:36', 0);
INSERT INTO `yx_sys_users` VALUES (726, '林頴璇', 'vV6cI0YZ3X', NULL, 'lamws@mail.com', '199-2259-0886', 0, '2002-09-09 09:22:14', '2019-03-18 05:51:54', 1);
INSERT INTO `yx_sys_users` VALUES (727, '鄺家輝', 'TkC9b1BTNJ', NULL, 'kwong207@gmail.com', '(151) 446 5600', 0, '2023-02-23 05:54:12', '2004-05-20 22:16:50', 1);
INSERT INTO `yx_sys_users` VALUES (728, '曾惠敏', 'oNzTYnpwim', NULL, 'waimantsang4@mail.com', '7085 973759', 0, '2024-01-27 14:57:11', '2019-12-15 00:48:59', 1);
INSERT INTO `yx_sys_users` VALUES (729, '藤井架純', 'zC5WXaGj4k', NULL, 'fujii3@outlook.com', '199-6959-8389', 0, '2013-03-06 00:50:41', '2018-10-23 17:00:46', 1);
INSERT INTO `yx_sys_users` VALUES (730, '市川一輝', 'wdEVW8Ilpw', NULL, 'ikki2005@gmail.com', '28-5281-3223', 0, '2011-11-02 04:08:22', '2003-02-06 10:07:12', 0);
INSERT INTO `yx_sys_users` VALUES (731, '張志明', 'gAGhZnVdsQ', NULL, 'chimingch818@icloud.com', '(1223) 69 7184', 0, '2004-04-16 09:30:55', '2022-08-25 20:01:35', 0);
INSERT INTO `yx_sys_users` VALUES (732, '藍思妤', 'dQeuLJ3rvm', NULL, 'lamsze@gmail.com', '718-533-6776', 1, '2013-06-24 20:21:23', '2007-05-30 10:00:08', 1);
INSERT INTO `yx_sys_users` VALUES (733, '竹内凛', 'WeLSndunx4', NULL, 'trin1988@yahoo.com', '7357 990378', 1, '2013-10-18 21:10:04', '2000-07-20 20:21:56', 0);
INSERT INTO `yx_sys_users` VALUES (734, '李國明', 'zQBl80tNbE', NULL, 'lkm3@hotmail.com', '838-287-5583', 1, '2024-01-13 18:37:15', '2015-02-27 02:03:59', 0);
INSERT INTO `yx_sys_users` VALUES (735, '邱朝偉', 'cMTOKRxbVw', NULL, 'chiuwai1@hotmail.com', '5305 814309', 0, '2003-03-14 09:53:33', '2019-06-29 18:02:33', 1);
INSERT INTO `yx_sys_users` VALUES (736, '村上蓮', 'eunfPtLgi6', NULL, 'renmura@gmail.com', '156-7792-9822', 0, '2008-03-20 16:31:43', '2012-09-13 15:26:13', 1);
INSERT INTO `yx_sys_users` VALUES (737, '加藤詩乃', 'MuTVw2Wi02', NULL, 'shik2@gmail.com', '7687 701923', 0, '2016-03-02 02:39:38', '2003-02-03 03:22:06', 0);
INSERT INTO `yx_sys_users` VALUES (738, '朱小慧', 'Qvxt390HOR', NULL, 'csiuwai@gmail.com', '7411 130637', 1, '2002-12-27 02:25:12', '2009-09-14 17:29:22', 0);
INSERT INTO `yx_sys_users` VALUES (739, '林發', 'u7mLx1lag1', NULL, 'lamfat65@gmail.com', '312-395-3998', 1, '2001-10-16 05:54:16', '2022-02-10 14:53:42', 1);
INSERT INTO `yx_sys_users` VALUES (740, '小山紗良', 'KlBZC4i5S5', NULL, 'sarakoyama@icloud.com', '90-5173-4594', 0, '2022-03-02 03:04:37', '2005-11-06 05:53:06', 0);
INSERT INTO `yx_sys_users` VALUES (741, '小島百恵', 'uQaccczUEi', NULL, 'momkoji9@outlook.com', '(20) 4071 4104', 1, '2000-06-29 03:46:24', '2021-01-03 03:02:15', 1);
INSERT INTO `yx_sys_users` VALUES (742, '田村美月', 'ibwfHkKchK', NULL, 'tamuramit1970@gmail.com', '80-7743-7856', 1, '2003-10-08 14:56:37', '2014-04-17 13:32:19', 0);
INSERT INTO `yx_sys_users` VALUES (743, '吉田陸', 'UajS0rX8tz', NULL, 'riyoshida@icloud.com', '21-6361-2005', 1, '2022-04-21 18:09:23', '2010-08-15 11:27:06', 1);
INSERT INTO `yx_sys_users` VALUES (744, '島田明菜', '6qkzQpSr6g', NULL, 'shimadaakina93@hotmail.com', '(20) 4436 1762', 1, '2015-10-08 23:36:26', '2009-08-13 23:54:51', 1);
INSERT INTO `yx_sys_users` VALUES (745, '佘富城', 'G3ymW6q4cX', NULL, 'shehfs@icloud.com', '312-221-1767', 1, '2011-03-11 09:31:42', '2000-02-04 02:12:35', 1);
INSERT INTO `yx_sys_users` VALUES (746, '市川悠人', '7AreuCPKEe', NULL, 'yichi10@icloud.com', '193-8572-9103', 1, '2004-11-11 16:16:38', '2010-03-15 01:42:30', 1);
INSERT INTO `yx_sys_users` VALUES (747, '藤裕玲', 'nJX7b4wccn', NULL, 'tanyuling@hotmail.com', '179-5209-4689', 0, '2020-08-23 06:31:31', '2022-09-10 08:44:35', 1);
INSERT INTO `yx_sys_users` VALUES (748, '山本美羽', 'v7NKyXmvqb', NULL, 'miyamamoto307@gmail.com', '5209 545455', 1, '2010-12-05 04:35:07', '2001-02-15 06:41:00', 1);
INSERT INTO `yx_sys_users` VALUES (749, '小島樹', 'Uuz3N8iJvi', NULL, 'itsuki904@mail.com', '90-9317-6766', 1, '2017-07-16 08:34:32', '2002-01-07 03:17:31', 0);
INSERT INTO `yx_sys_users` VALUES (750, '汪學友', 'siP4UUbpiI', NULL, 'hokyau8@mail.com', '614-145-6550', 1, '2015-11-26 14:37:30', '2022-09-13 10:54:40', 1);
INSERT INTO `yx_sys_users` VALUES (751, '後藤七海', 'z2J1DDAL2l', NULL, 'nagot@yahoo.com', '(161) 046 9042', 1, '2020-04-30 01:45:13', '2006-02-24 02:31:49', 1);
INSERT INTO `yx_sys_users` VALUES (752, '劉明', 'MilLXCKl9B', NULL, 'lau5@outlook.com', '28-6684-0932', 0, '2019-08-29 23:00:23', '2006-08-12 01:26:04', 0);
INSERT INTO `yx_sys_users` VALUES (753, '杜榮發', 'RrMbIhNy8B', NULL, 'towingfat216@mail.com', '154-1952-5076', 0, '2004-09-11 00:19:04', '2022-08-15 05:25:34', 0);
INSERT INTO `yx_sys_users` VALUES (754, '張永權', 'YAqtw2o9Rq', NULL, 'wkc@icloud.com', '330-582-2230', 0, '2013-06-28 21:24:26', '2012-02-12 15:16:52', 0);
INSERT INTO `yx_sys_users` VALUES (755, '胡志明', 'GeCs26Fc3d', NULL, 'chiming3@icloud.com', '28-208-8750', 1, '2014-10-03 12:01:31', '2013-04-27 21:16:39', 1);
INSERT INTO `yx_sys_users` VALUES (756, '谷口架純', 'oTtko2tbIU', NULL, 'tanigkasumi@icloud.com', '177-6023-2287', 0, '2016-04-27 16:48:05', '2011-10-14 05:24:47', 1);
INSERT INTO `yx_sys_users` VALUES (757, '上野舞', 'XELiBxQUqV', NULL, 'uema@mail.com', '(20) 3188 9610', 1, '2016-02-29 09:20:43', '2010-02-06 11:11:19', 1);
INSERT INTO `yx_sys_users` VALUES (758, '橋本悠人', 'ZBrlGKuef1', NULL, 'yutohas@outlook.com', '(20) 9951 6345', 0, '2005-09-09 14:02:28', '2022-09-15 14:50:17', 0);
INSERT INTO `yx_sys_users` VALUES (759, '古發', 'Le5bryKPNE', NULL, 'kufat@icloud.com', '164-8631-4614', 1, '2010-12-26 06:26:05', '2013-10-02 07:19:13', 1);
INSERT INTO `yx_sys_users` VALUES (760, '杜嘉欣', '5KwkRBKxqN', NULL, 'tkarya@icloud.com', '614-846-8658', 0, '2019-07-27 19:44:15', '2008-02-28 14:42:27', 1);
INSERT INTO `yx_sys_users` VALUES (761, '張杰倫', 'fwZlCf7OYQ', NULL, 'cheung124@gmail.com', '7395 246600', 0, '2015-03-07 16:38:46', '2012-12-24 22:57:33', 0);
INSERT INTO `yx_sys_users` VALUES (762, '高橋聖子', 'E8zYIf3h7d', NULL, 'taseik@mail.com', '(20) 4869 7129', 0, '2017-12-31 19:34:58', '2005-04-01 06:47:28', 0);
INSERT INTO `yx_sys_users` VALUES (763, '曹國賢', 'bGGr497QpW', NULL, 'cky@icloud.com', '312-065-7351', 0, '2007-01-21 12:27:08', '2017-07-11 15:06:28', 1);
INSERT INTO `yx_sys_users` VALUES (764, '長谷川紗良', 'NyBMUDz3s4', NULL, 'shasegawa@gmail.com', '(1865) 38 6672', 1, '2023-08-07 03:08:09', '2023-12-18 10:47:01', 0);
INSERT INTO `yx_sys_users` VALUES (765, '田村樹', 'hwXPgZQPsm', NULL, 'itsuki10@gmail.com', '3-2607-3905', 0, '2005-06-10 02:03:37', '2000-07-20 16:52:05', 1);
INSERT INTO `yx_sys_users` VALUES (766, '盧嘉欣', 'A7H4GDW2Nf', NULL, 'karyan2012@gmail.com', '3-5140-6616', 0, '2005-09-09 16:13:37', '2012-09-21 15:54:10', 0);
INSERT INTO `yx_sys_users` VALUES (767, '唐曉彤', 'ciHDhrPjyZ', NULL, 'hiutung420@outlook.com', '718-563-4854', 1, '2000-08-25 17:58:51', '2007-06-12 15:52:49', 0);
INSERT INTO `yx_sys_users` VALUES (768, '桜井光莉', 'xqeWCa5BjL', NULL, 'hisaku@outlook.com', '838-854-7488', 1, '2007-11-16 23:43:05', '2007-04-24 22:18:06', 1);
INSERT INTO `yx_sys_users` VALUES (769, '竹内大地', '5UKLHdnYvu', NULL, 'daichitakeuchi@icloud.com', '212-790-4320', 0, '2017-03-10 21:08:54', '2004-04-21 00:38:46', 1);
INSERT INTO `yx_sys_users` VALUES (770, '杉山百花', '5T9dAXGDU4', NULL, 'msugiy329@icloud.com', '66-351-8937', 1, '2019-08-15 20:28:54', '2014-04-20 04:30:38', 0);
INSERT INTO `yx_sys_users` VALUES (771, '戚潤發', 'EE9kzhKzOn', NULL, 'chyunfat4@outlook.com', '21-772-0418', 0, '2002-10-16 01:02:39', '2015-11-23 05:36:22', 0);
INSERT INTO `yx_sys_users` VALUES (772, '周國權', 'sV232YTZqV', NULL, 'chokk56@mail.com', '74-050-2756', 0, '2006-03-23 12:34:46', '2010-12-10 14:27:06', 0);
INSERT INTO `yx_sys_users` VALUES (773, '宮崎翼', 'pPdURZycRo', NULL, 'mtsu802@hotmail.com', '28-3324-4400', 0, '2023-08-22 00:59:15', '2015-06-10 02:36:54', 1);
INSERT INTO `yx_sys_users` VALUES (774, '鄧思妤', 'sYe80IKD9I', NULL, 'taszeyu2@gmail.com', '212-402-5710', 1, '2003-11-30 00:08:43', '2015-12-31 13:51:16', 0);
INSERT INTO `yx_sys_users` VALUES (775, '高橋百花', 'tVzgKpBafP', NULL, 'takahmom@gmail.com', '330-012-7942', 0, '2012-03-09 04:00:23', '2003-07-16 07:46:55', 1);
INSERT INTO `yx_sys_users` VALUES (776, '彭明詩', '6T0tH8lQSU', NULL, 'mspa@hotmail.com', '7353 558147', 1, '2018-12-04 08:08:53', '2020-11-27 13:49:14', 0);
INSERT INTO `yx_sys_users` VALUES (777, '房學友', '4kjVQzcaRl', NULL, 'hyf6@outlook.com', '70-8019-5093', 0, '2011-04-26 23:24:38', '2006-10-02 12:02:40', 0);
INSERT INTO `yx_sys_users` VALUES (778, '餘惠敏', 'kxU6ELrsPk', NULL, 'wmyue@gmail.com', '90-8722-2363', 1, '2021-12-09 03:32:10', '2001-09-21 16:11:12', 1);
INSERT INTO `yx_sys_users` VALUES (779, '蔡霆鋒', 'PtpepXb4nR', NULL, 'tingfungchoi10@gmail.com', '312-009-6079', 0, '2006-11-26 11:22:06', '2002-05-20 02:17:20', 0);
INSERT INTO `yx_sys_users` VALUES (780, '曾慧琳', 'eurNzesxNN', NULL, 'wltsang@outlook.com', '769-3890-6856', 1, '2010-12-19 22:46:03', '2011-03-06 22:01:14', 1);
INSERT INTO `yx_sys_users` VALUES (781, '曾霆鋒', 'W687jPJwIK', NULL, 'tft10@outlook.com', '7610 070121', 0, '2009-11-27 13:13:22', '2010-08-14 10:19:41', 1);
INSERT INTO `yx_sys_users` VALUES (782, '増田花', 'CqBlUtHnt5', NULL, 'masudaha@gmail.com', '74-531-8832', 1, '2003-06-25 07:19:30', '2008-07-03 04:20:11', 0);
INSERT INTO `yx_sys_users` VALUES (783, '横山陽菜', 'b4QNp02koE', NULL, 'hinayok@gmail.com', '74-539-9819', 0, '2012-10-20 02:41:25', '2007-07-04 15:37:14', 0);
INSERT INTO `yx_sys_users` VALUES (784, '松井和真', '5r0yJixLr3', NULL, 'kazumatsu@hotmail.com', '5381 739853', 1, '2006-03-14 17:56:47', '2012-05-14 06:26:24', 0);
INSERT INTO `yx_sys_users` VALUES (785, '吳富城', 'Afl8Myg1VG', NULL, 'ngfushing@outlook.com', '(161) 207 6851', 1, '2002-04-11 11:34:21', '2002-06-18 10:54:47', 1);
INSERT INTO `yx_sys_users` VALUES (786, '任青雲', 'I1EY6n9WHB', NULL, 'chingwan206@hotmail.com', '170-6615-3556', 1, '2006-07-05 08:03:22', '2005-05-28 13:26:31', 1);
INSERT INTO `yx_sys_users` VALUES (787, '大塚美羽', 'BdtsKUeSXs', NULL, 'omiu@outlook.com', '(1223) 26 4077', 0, '2014-04-05 07:49:13', '2000-02-27 18:29:08', 1);
INSERT INTO `yx_sys_users` VALUES (788, '馮富城', '8TckWfMdbh', NULL, 'fushing1975@hotmail.com', '11-794-8574', 0, '2002-11-15 01:10:21', '2019-06-30 21:52:20', 1);
INSERT INTO `yx_sys_users` VALUES (789, '山下結翔', 'E42nIhADvN', NULL, 'yamashitayuito1@gmail.com', '80-4275-8061', 0, '2022-01-07 20:08:21', '2017-01-26 07:27:13', 0);
INSERT INTO `yx_sys_users` VALUES (790, '梁慧嫻', 'lRjDUZizk8', NULL, 'wal8@gmail.com', '7871 253925', 1, '2017-10-28 06:27:40', '2019-07-30 21:06:15', 0);
INSERT INTO `yx_sys_users` VALUES (791, '盧慧琳', 'p71tOOsBcC', NULL, 'lo3@gmail.com', '838-017-2972', 1, '2023-12-18 18:11:27', '2010-09-07 15:16:35', 1);
INSERT INTO `yx_sys_users` VALUES (792, '宣浩然', 'jQwO9eXoXa', NULL, 'hoyhsuan5@hotmail.com', '838-249-2426', 0, '2016-12-19 23:38:05', '2006-09-13 21:28:47', 0);
INSERT INTO `yx_sys_users` VALUES (793, '太田舞', 'LpwiDhYRPm', NULL, 'mot67@outlook.com', '838-034-7156', 1, '2016-02-25 12:50:59', '2001-05-28 06:24:40', 0);
INSERT INTO `yx_sys_users` VALUES (794, '菅原蒼士', 'bU4cS44t4q', NULL, 'sugawaraaoshi1218@icloud.com', '330-001-9848', 1, '2021-11-29 21:16:13', '2000-12-08 23:33:14', 1);
INSERT INTO `yx_sys_users` VALUES (795, '梁學友', 'OUXErnqpaY', NULL, 'hyleung1115@gmail.com', '7413 071999', 1, '2001-10-22 09:02:21', '2002-12-28 09:51:16', 0);
INSERT INTO `yx_sys_users` VALUES (796, '謝詠詩', 'xa2Rz6E4f0', NULL, 'wst1231@gmail.com', '838-487-1708', 1, '2023-05-03 04:15:15', '2000-02-19 12:21:14', 1);
INSERT INTO `yx_sys_users` VALUES (797, '竹内聖子', '4rBlivWNAt', NULL, 'takeuchi9@gmail.com', '90-2533-2770', 0, '2015-10-09 09:43:25', '2016-06-03 02:07:40', 1);
INSERT INTO `yx_sys_users` VALUES (798, '關明', 'rrOVcgtDL7', NULL, 'kwanming@yahoo.com', '90-6386-9387', 0, '2021-01-25 05:52:51', '2022-11-03 02:24:01', 0);
INSERT INTO `yx_sys_users` VALUES (799, '高橋樹', 'Plw4egcNF7', NULL, 'takahashiitsuki@icloud.com', '3-3434-9603', 1, '2003-03-18 00:47:49', '2015-04-06 09:12:44', 1);
INSERT INTO `yx_sys_users` VALUES (800, '太田愛梨', 'i7c2hjuges', NULL, 'otaairi4@outlook.com', '70-4882-4761', 1, '2010-11-26 08:31:42', '2010-09-12 11:38:50', 0);
INSERT INTO `yx_sys_users` VALUES (801, '甘發', 'sV2j2445bb', NULL, 'fatkam@mail.com', '212-335-6171', 1, '2021-09-13 05:12:48', '2014-06-26 11:02:58', 1);
INSERT INTO `yx_sys_users` VALUES (802, '楊家玲', 'Dfqls8qPi7', NULL, 'yeung4@hotmail.com', '7278 871541', 0, '2001-06-24 23:40:02', '2018-06-19 18:24:39', 1);
INSERT INTO `yx_sys_users` VALUES (803, '蘇國賢', '01Baiqi0tV', NULL, 'kys719@hotmail.com', '179-2600-6433', 0, '2022-04-04 13:22:46', '2011-05-12 18:43:59', 1);
INSERT INTO `yx_sys_users` VALUES (804, '中川百花', 'XKjVR93bgI', NULL, 'namo@mail.com', '147-5827-7096', 0, '2000-03-31 15:47:47', '2009-02-01 23:27:02', 0);
INSERT INTO `yx_sys_users` VALUES (805, '高橋聖子', '77LgCvCgNR', NULL, 'set9@yahoo.com', '838-776-7147', 0, '2022-10-13 17:49:06', '2022-06-19 10:08:15', 1);
INSERT INTO `yx_sys_users` VALUES (806, '應麗欣', 'sQ0uwSmxsl', NULL, 'yinglai@gmail.com', '5094 480034', 1, '2016-05-02 16:25:45', '2022-06-04 13:26:30', 0);
INSERT INTO `yx_sys_users` VALUES (807, '萬學友', 'SVl8ovQBVR', NULL, 'hokyau65@yahoo.com', '(121) 877 4612', 0, '2015-05-29 00:20:15', '2003-03-25 09:20:19', 0);
INSERT INTO `yx_sys_users` VALUES (808, '車永發', '5MsBMdh5IB', NULL, 'chwf@outlook.com', '74-699-3985', 1, '2002-08-24 08:39:58', '2008-03-07 05:01:33', 1);
INSERT INTO `yx_sys_users` VALUES (809, '桜井大輔', 'SGpYGnwBnV', NULL, 'sakuraidaisuke@outlook.com', '52-271-1715', 1, '2021-08-24 10:12:05', '2006-02-14 12:18:23', 1);
INSERT INTO `yx_sys_users` VALUES (810, '樂小慧', '31uxXpYZR3', NULL, 'loksw@icloud.com', '5659 423855', 1, '2010-11-15 03:54:25', '2002-12-07 18:16:35', 0);
INSERT INTO `yx_sys_users` VALUES (811, '新井瑛太', 'FUU0YYn0Gm', NULL, 'eitaar1@mail.com', '(116) 259 0389', 1, '2001-06-06 07:35:29', '2014-05-06 22:24:03', 0);
INSERT INTO `yx_sys_users` VALUES (812, '増田明菜', 'KZNEt6nxi0', NULL, 'masuda730@icloud.com', '312-008-8357', 0, '2013-06-21 21:49:21', '2005-01-08 17:44:55', 0);
INSERT INTO `yx_sys_users` VALUES (813, '原美月', 'CenvL3IB1T', NULL, 'mitsuki43@gmail.com', '312-701-1914', 0, '2011-11-28 02:34:21', '2000-01-21 10:11:59', 1);
INSERT INTO `yx_sys_users` VALUES (814, '郭詩君', 'vnXpTJnBGi', NULL, 'kwosk@gmail.com', '70-9238-4944', 1, '2018-11-20 18:24:07', '2022-12-11 03:13:55', 1);
INSERT INTO `yx_sys_users` VALUES (815, '樊力申', 'WUFlbpvwh1', NULL, 'fanlik@outlook.com', '52-412-3870', 0, '2011-02-28 20:52:02', '2009-09-03 08:01:45', 1);
INSERT INTO `yx_sys_users` VALUES (816, '元家玲', '8PdIYbECIY', NULL, 'yukl@gmail.com', '(1223) 41 3471', 1, '2015-09-02 01:22:18', '2014-04-28 12:21:21', 0);
INSERT INTO `yx_sys_users` VALUES (817, '黃天樂', '12PT7yBrwi', NULL, 'tlwo@icloud.com', '(116) 647 8254', 1, '2012-08-16 11:22:59', '2000-06-26 00:47:16', 1);
INSERT INTO `yx_sys_users` VALUES (818, '吳世榮', 'xaOUYLHskA', NULL, 'saiwingn@icloud.com', '7911 958836', 0, '2014-08-22 14:20:25', '2022-10-13 12:02:18', 1);
INSERT INTO `yx_sys_users` VALUES (819, '何家強', 'z0mjgGYa4w', NULL, 'kakeungho@hotmail.com', '80-3165-7965', 0, '2012-06-14 19:52:40', '2015-10-04 09:39:40', 0);
INSERT INTO `yx_sys_users` VALUES (820, '石井舞', 'lDZqagTHUA', NULL, 'maishii@gmail.com', '838-413-7919', 0, '2010-11-14 06:18:30', '2022-10-19 18:33:31', 1);
INSERT INTO `yx_sys_users` VALUES (821, '徐明詩', 'lx09ibLnkU', NULL, 'tsuims@outlook.com', '(116) 197 1741', 0, '2006-07-22 16:43:48', '2007-02-01 02:48:38', 1);
INSERT INTO `yx_sys_users` VALUES (822, '杜俊宇', 'TDmcyaLjA1', NULL, 'tocy@outlook.com', '(121) 234 7883', 0, '2003-09-05 11:48:04', '2018-03-30 15:50:35', 0);
INSERT INTO `yx_sys_users` VALUES (823, '桜井光莉', 'Cv6fHW8L12', NULL, 'hsakurai3@icloud.com', '28-921-7019', 0, '2011-01-07 02:10:57', '2000-07-10 11:32:53', 1);
INSERT INTO `yx_sys_users` VALUES (824, '向富城', 'HCJgDSht4U', NULL, 'heungfs@gmail.com', '70-3538-5780', 1, '2013-09-24 23:57:49', '2005-06-28 18:35:18', 1);
INSERT INTO `yx_sys_users` VALUES (825, '胡玲玲', 'Wqtkf942c2', NULL, 'wulingling@gmail.com', '213-644-6509', 1, '2022-07-11 08:02:05', '2000-09-04 21:04:20', 1);
INSERT INTO `yx_sys_users` VALUES (826, '毛德華', 'ycS6OWzC7t', NULL, 'mtakwah@gmail.com', '10-333-7657', 1, '2008-05-02 12:23:04', '2003-11-02 09:37:40', 0);
INSERT INTO `yx_sys_users` VALUES (827, '戴國明', 'r4rOBjzj04', NULL, 'dakwokming1977@outlook.com', '11-599-2360', 1, '2021-11-14 07:03:48', '2008-01-09 18:17:18', 0);
INSERT INTO `yx_sys_users` VALUES (828, '葉慧珊', 'EQgfDyGx78', NULL, 'waisan2@gmail.com', '11-506-2274', 0, '2001-08-04 07:46:21', '2004-10-07 13:47:22', 1);
INSERT INTO `yx_sys_users` VALUES (829, '容榮發', 'xSe1TaHd4f', NULL, 'wfy@gmail.com', '183-4754-8811', 0, '2017-02-04 09:24:29', '2020-12-19 11:59:29', 0);
INSERT INTO `yx_sys_users` VALUES (830, '藍浩然', '0JTI4ZBiD3', NULL, 'lam720@icloud.com', '11-380-4070', 1, '2014-06-20 08:28:34', '2020-08-15 03:50:56', 1);
INSERT INTO `yx_sys_users` VALUES (831, '山本健太', '6YDHEBNEH9', NULL, 'kentayamamoto83@hotmail.com', '5800 955739', 1, '2006-01-10 08:38:25', '2016-09-22 03:59:40', 0);
INSERT INTO `yx_sys_users` VALUES (832, '樂思妤', 'gmfDoPTOEc', NULL, 'szeyu58@gmail.com', '10-558-1454', 0, '2021-02-12 12:14:16', '2009-07-14 15:45:36', 0);
INSERT INTO `yx_sys_users` VALUES (833, '千葉葵', 'kw6kGgO5TF', NULL, 'chibaaoi@outlook.com', '145-4021-5288', 0, '2007-03-13 14:02:33', '2004-07-09 02:23:08', 0);
INSERT INTO `yx_sys_users` VALUES (834, '區家明', 'LKgwkDD3e6', NULL, 'aukm@gmail.com', '330-625-8493', 0, '2008-05-22 02:27:56', '2012-06-07 13:41:29', 0);
INSERT INTO `yx_sys_users` VALUES (835, '西村桜', 'yoFuLpveSJ', NULL, 'sakurani@hotmail.com', '142-4706-2282', 1, '2015-02-22 12:07:03', '2017-06-10 00:40:06', 1);
INSERT INTO `yx_sys_users` VALUES (836, '野村葉月', 'UwyGl4J5D8', NULL, 'hazukin@gmail.com', '(20) 9596 4694', 0, '2006-10-23 11:39:19', '2009-02-21 12:41:38', 0);
INSERT INTO `yx_sys_users` VALUES (837, '清水美咲', 'AZhAW1gThL', NULL, 'mishimizu@gmail.com', '165-7628-1405', 0, '2011-02-06 12:31:48', '2003-02-02 00:28:40', 1);
INSERT INTO `yx_sys_users` VALUES (838, '金子大輔', 'UkjqVoV7sX', NULL, 'dakanek06@icloud.com', '187-1544-3153', 0, '2002-10-05 12:32:29', '2002-04-30 22:59:37', 1);
INSERT INTO `yx_sys_users` VALUES (839, '小野陽太', '38Wiqbmhwi', NULL, 'yotaono7@outlook.com', '755-1568-9061', 0, '2023-03-04 07:41:24', '2023-07-28 16:46:46', 0);
INSERT INTO `yx_sys_users` VALUES (840, '元梓軒', 'pDZMhcLlXX', NULL, 'tszhin3@outlook.com', '(1223) 41 7596', 1, '2010-04-07 18:57:44', '2005-03-28 03:11:14', 1);
INSERT INTO `yx_sys_users` VALUES (841, '横山大地', 'YK3tOndNKJ', NULL, 'daichiyokoyama68@gmail.com', '760-2960-1536', 0, '2009-12-16 19:31:55', '2020-09-22 02:38:12', 1);
INSERT INTO `yx_sys_users` VALUES (842, '張思妤', 'ZMmwkOrJIY', NULL, 'chesy9@mail.com', '760-1791-1905', 0, '2013-10-29 21:17:20', '2010-10-01 03:45:41', 1);
INSERT INTO `yx_sys_users` VALUES (843, '湯國賢', 'snWULHm49a', NULL, 'kytong10@hotmail.com', '7480 142267', 1, '2012-07-21 00:26:04', '2020-01-08 14:16:30', 1);
INSERT INTO `yx_sys_users` VALUES (844, '田霆鋒', '0CSKLM9inW', NULL, 'tingfung1980@icloud.com', '(121) 395 1168', 1, '2008-03-21 12:58:23', '2008-04-27 22:53:53', 0);
INSERT INTO `yx_sys_users` VALUES (845, '王惠敏', '8jFyX4mh00', NULL, 'wowaiman9@icloud.com', '90-5436-6563', 0, '2007-01-17 13:11:06', '2015-05-18 10:37:01', 0);
INSERT INTO `yx_sys_users` VALUES (846, '宮崎瑛太', 'VZcfsiOVjv', NULL, 'me1994@gmail.com', '80-1375-4032', 1, '2006-09-30 02:38:42', '2006-03-31 02:13:39', 1);
INSERT INTO `yx_sys_users` VALUES (847, '宮本樹', 'FYhU9RuqCS', NULL, 'itsm@mail.com', '212-064-2510', 0, '2002-01-25 21:47:56', '2005-06-13 21:31:45', 0);
INSERT INTO `yx_sys_users` VALUES (848, '杜詠詩', 'PDj3tKAQUu', NULL, 'wsto403@outlook.com', '(121) 761 9886', 1, '2022-09-16 16:32:40', '2001-12-06 21:26:18', 1);
INSERT INTO `yx_sys_users` VALUES (849, '福田海斗', 'ZaGHkYdl5Q', NULL, 'kaitofukuda1127@hotmail.com', '330-557-3758', 0, '2018-11-11 09:30:35', '2014-09-26 10:59:18', 1);
INSERT INTO `yx_sys_users` VALUES (850, '内田百花', 'nsHpQYJRa0', NULL, 'mouchida@yahoo.com', '70-5470-3467', 0, '2004-05-19 01:48:16', '2021-04-05 18:57:14', 0);
INSERT INTO `yx_sys_users` VALUES (851, '樊頴璇', 'Fm8cqH1Hjy', NULL, 'wingsuenfa@gmail.com', '70-1243-3637', 1, '2002-02-15 07:47:41', '2023-07-03 03:59:29', 1);
INSERT INTO `yx_sys_users` VALUES (852, '井上蒼士', '1JCSN4q4Ud', NULL, 'inoue90@outlook.com', '80-8817-8967', 1, '2017-11-07 03:49:59', '2017-04-29 08:15:09', 1);
INSERT INTO `yx_sys_users` VALUES (853, '尹玲玲', 'zn4A1YTG6k', NULL, 'lingling8@mail.com', '212-329-0061', 0, '2005-08-10 18:20:21', '2004-10-30 05:50:24', 0);
INSERT INTO `yx_sys_users` VALUES (854, '彭潤發', 'M2cnZYpI1T', NULL, 'yfpang@icloud.com', '(20) 3986 0517', 1, '2020-04-21 11:17:39', '2003-08-14 00:01:27', 1);
INSERT INTO `yx_sys_users` VALUES (855, '木下美咲', 'szhkQnvuMz', NULL, 'kinoshitam2013@gmail.com', '5093 405965', 0, '2006-06-05 13:48:01', '2001-09-15 07:25:54', 1);
INSERT INTO `yx_sys_users` VALUES (856, '原田桜', '4mcz7fYYCK', NULL, 'has9@icloud.com', '(151) 235 5816', 1, '2014-12-16 14:18:49', '2009-11-05 00:22:09', 0);
INSERT INTO `yx_sys_users` VALUES (857, '苑榮發', 'XQI6mbl4ed', NULL, 'wingfatyu68@gmail.com', '3-6223-3473', 1, '2004-02-01 23:08:58', '2018-01-29 02:31:36', 0);
INSERT INTO `yx_sys_users` VALUES (858, '韓家文', 'oRHDS59ja3', NULL, 'kamanhan@icloud.com', '755-329-3766', 1, '2013-12-06 22:53:52', '2006-09-03 21:47:54', 0);
INSERT INTO `yx_sys_users` VALUES (859, '河野百花', 'xdmN1nBZ32', NULL, 'kmomok521@yahoo.com', '7518 414056', 1, '2020-05-15 01:47:20', '2013-03-05 21:58:29', 0);
INSERT INTO `yx_sys_users` VALUES (860, '元安琪', 'SiB8eALik5', NULL, 'yuenok@yahoo.com', '175-3254-7758', 1, '2022-10-06 21:27:14', '2016-07-28 06:10:19', 0);
INSERT INTO `yx_sys_users` VALUES (861, '阿部美羽', 'Lod6ug28c5', NULL, 'abm1980@gmail.com', '838-175-7197', 0, '2015-04-21 16:11:12', '2012-02-13 14:47:18', 1);
INSERT INTO `yx_sys_users` VALUES (862, '藤潤發', 'GJ9UxyG1Ak', NULL, 'tang8@gmail.com', '760-8490-7297', 0, '2006-01-22 04:37:01', '2018-07-24 06:52:00', 0);
INSERT INTO `yx_sys_users` VALUES (863, '高國賢', 'IGdZTosHby', NULL, 'kwokyin53@icloud.com', '70-3764-7309', 1, '2017-10-02 06:11:11', '2007-02-10 02:56:41', 1);
INSERT INTO `yx_sys_users` VALUES (864, '彭祖兒', 'Bmrq9wSBL5', NULL, 'choyeepan@gmail.com', '(20) 3200 2062', 0, '2023-08-25 11:58:28', '2022-11-13 16:14:44', 0);
INSERT INTO `yx_sys_users` VALUES (865, '毛國賢', 'n1y9LOtTQO', NULL, 'kym@icloud.com', '145-2340-4346', 0, '2017-10-10 16:05:04', '2013-04-14 10:36:52', 1);
INSERT INTO `yx_sys_users` VALUES (866, '蔡德華', 'eR1QpqKLim', NULL, 'choitw@yahoo.com', '312-824-9107', 1, '2006-08-22 22:42:17', '2001-09-26 06:24:42', 0);
INSERT INTO `yx_sys_users` VALUES (867, '山下結翔', 'sI7aGuXsw6', NULL, 'yuityama6@gmail.com', '165-6221-6962', 0, '2009-07-22 08:42:54', '2011-10-09 11:02:48', 1);
INSERT INTO `yx_sys_users` VALUES (868, '樊潤發', 'TofrllRtZw', NULL, 'yunfat7@icloud.com', '330-860-2456', 1, '2022-09-05 06:03:25', '2004-03-05 23:22:44', 0);
INSERT INTO `yx_sys_users` VALUES (869, '長谷川蓮', 'sqiL5JsFXj', NULL, 'hren8@icloud.com', '614-366-1498', 1, '2018-11-22 08:22:38', '2010-04-17 13:44:38', 1);
INSERT INTO `yx_sys_users` VALUES (870, '有村葉月', 'Dr61P2WccG', NULL, 'arimurah@mail.com', '70-6730-0327', 1, '2013-04-10 02:56:28', '2020-11-06 20:03:37', 0);
INSERT INTO `yx_sys_users` VALUES (871, '周麗欣', 'mIcFx8nxyr', NULL, 'lyc@outlook.com', '90-3669-4270', 1, '2007-03-20 17:28:50', '2003-08-12 22:29:55', 1);
INSERT INTO `yx_sys_users` VALUES (872, '伍頴璇', 'xIzAUOAdmo', NULL, 'wingsuenng4@gmail.com', '760-0517-4928', 1, '2012-09-24 05:26:52', '2009-10-08 02:45:00', 1);
INSERT INTO `yx_sys_users` VALUES (873, '福田陸', 'qhDyFvtcXF', NULL, 'rikufukuda@hotmail.com', '838-297-8229', 0, '2004-06-09 08:36:37', '2007-05-01 16:33:44', 0);
INSERT INTO `yx_sys_users` VALUES (874, '湯梓軒', '1qJFMDGqv8', NULL, 'tongtszhin4@gmail.com', '213-533-1615', 1, '2008-11-21 23:20:15', '2010-07-24 07:45:13', 1);
INSERT INTO `yx_sys_users` VALUES (875, '黎志明', '0Eg6qfMfuq', NULL, 'lai81@gmail.com', '213-535-8158', 0, '2022-08-15 06:46:56', '2011-08-12 17:08:01', 0);
INSERT INTO `yx_sys_users` VALUES (876, '岡田蓮', 'lrvkhgXLyT', NULL, 'okada1021@gmail.com', '3-7402-8703', 0, '2015-09-02 05:15:00', '2010-06-29 11:20:16', 0);
INSERT INTO `yx_sys_users` VALUES (877, '坂本涼太', 'AVtSqDDe7l', NULL, 'rsakamoto@outlook.com', '7655 990798', 1, '2011-03-05 02:38:37', '2022-01-03 20:35:00', 0);
INSERT INTO `yx_sys_users` VALUES (878, '方俊宇', 'vpaCSAC8dO', NULL, 'fong10@gmail.com', '80-4553-0118', 0, '2001-10-07 06:32:54', '2008-04-20 18:39:58', 0);
INSERT INTO `yx_sys_users` VALUES (879, '小川和真', 'g6LXwaPEVQ', NULL, 'ogaka@gmail.com', '183-8302-5813', 0, '2004-02-19 16:08:06', '2000-09-08 14:20:51', 1);
INSERT INTO `yx_sys_users` VALUES (880, '藤田拓哉', 'q4ilr5xeXn', NULL, 'fujtakuya@icloud.com', '147-9415-1052', 0, '2015-05-14 12:28:28', '2010-02-28 00:37:20', 1);
INSERT INTO `yx_sys_users` VALUES (881, '渡部舞', 'GFtiETZl23', NULL, 'mawatanabe67@icloud.com', '74-166-9980', 0, '2021-10-14 12:21:54', '2014-01-16 17:33:19', 0);
INSERT INTO `yx_sys_users` VALUES (882, '高祖兒', 'dOCn9qGfxK', NULL, 'choyeek@icloud.com', '312-184-3782', 0, '2021-05-14 16:18:29', '2014-02-15 15:43:01', 0);
INSERT INTO `yx_sys_users` VALUES (883, '戴慧儀', 'UEAJ8p7hTi', NULL, 'dwy@icloud.com', '130-5779-1220', 0, '2021-06-17 04:25:43', '2022-03-26 19:06:23', 1);
INSERT INTO `yx_sys_users` VALUES (884, '近藤健太', 'vvQEcrapzS', NULL, 'kenta912@icloud.com', '212-946-4319', 1, '2016-08-15 15:24:48', '2018-04-11 09:15:15', 0);
INSERT INTO `yx_sys_users` VALUES (885, '房頴思', 'qER3Q4pXbe', NULL, 'fows@outlook.com', '7575 174910', 0, '2014-05-10 14:39:22', '2017-05-31 20:43:24', 0);
INSERT INTO `yx_sys_users` VALUES (886, '高木悠人', 'XFzvPcGybb', NULL, 'yutot@gmail.com', '614-521-7782', 1, '2010-10-20 01:05:31', '2014-05-09 16:24:07', 1);
INSERT INTO `yx_sys_users` VALUES (887, '鄭慧敏', 'ER2af2RZSh', NULL, 'waimancheng@gmail.com', '70-0357-8269', 1, '2020-01-19 06:12:07', '2010-11-28 08:09:20', 0);
INSERT INTO `yx_sys_users` VALUES (888, '宮崎大地', 'UMqly9RAKG', NULL, 'daichim@icloud.com', '3-6276-7421', 0, '2000-04-12 08:18:44', '2007-02-27 16:13:46', 0);
INSERT INTO `yx_sys_users` VALUES (889, '宮本百恵', 'hdEVExYqxs', NULL, 'mmiyamoto831@yahoo.com', '330-513-8857', 1, '2008-01-23 02:03:16', '2024-01-24 23:29:25', 1);
INSERT INTO `yx_sys_users` VALUES (890, '陳思妤', '3BrGHUDUQP', NULL, 'chan9@outlook.com', '7229 146290', 1, '2013-07-27 19:21:19', '2002-12-23 00:47:36', 0);
INSERT INTO `yx_sys_users` VALUES (891, '田國榮', 'WldSApQgdy', NULL, 'tin1949@mail.com', '(121) 721 6961', 1, '2024-01-12 09:28:07', '2011-11-24 15:32:39', 1);
INSERT INTO `yx_sys_users` VALUES (892, '李永發', 'lfvGHseW61', NULL, 'wingfatlee@outlook.com', '180-1721-1487', 1, '2008-10-27 04:26:25', '2023-11-27 09:48:10', 0);
INSERT INTO `yx_sys_users` VALUES (893, '鐘天樂', 'tKhNuhsIO0', NULL, 'chung8@outlook.com', '838-230-8167', 0, '2022-01-11 21:07:32', '2002-02-07 01:20:03', 1);
INSERT INTO `yx_sys_users` VALUES (894, '野村大地', 'qh1JMijYw2', NULL, 'daichinomura9@gmail.com', '838-551-3847', 0, '2004-04-06 21:01:24', '2002-09-07 13:08:23', 0);
INSERT INTO `yx_sys_users` VALUES (895, '狄頴思', 'kupAor4jF6', NULL, 'tiws8@hotmail.com', '21-019-0378', 1, '2022-01-06 11:36:29', '2021-02-06 17:57:20', 0);
INSERT INTO `yx_sys_users` VALUES (896, '樂詠詩', '6ofoq8oXJv', NULL, 'lokws@gmail.com', '70-3755-2605', 1, '2007-01-27 04:02:33', '2004-08-16 20:12:03', 1);
INSERT INTO `yx_sys_users` VALUES (897, '松本舞', 'wjXeZfs361', NULL, 'matsumotom1977@outlook.com', '718-824-7273', 1, '2021-11-02 12:27:06', '2005-05-24 23:06:32', 0);
INSERT INTO `yx_sys_users` VALUES (898, '菊地舞', 'P2m36H39AU', NULL, 'maikiku@mail.com', '312-551-8436', 1, '2023-07-14 20:05:55', '2007-08-05 08:49:42', 0);
INSERT INTO `yx_sys_users` VALUES (899, '邵國明', 'i2vtJNQBDw', NULL, 'skm9@hotmail.com', '755-121-5692', 1, '2021-10-20 13:27:15', '2014-11-11 07:10:08', 0);
INSERT INTO `yx_sys_users` VALUES (900, '甘國權', 'j4K1gbqAvO', NULL, 'kkwokkuen@gmail.com', '196-0186-7969', 0, '2000-01-29 03:15:29', '2012-12-29 17:52:18', 0);
INSERT INTO `yx_sys_users` VALUES (901, '松本絢斗', 'qL2JsfxWPn', NULL, 'ayatom@hotmail.com', '614-924-5697', 1, '2015-08-19 18:53:41', '2015-06-09 06:00:11', 1);
INSERT INTO `yx_sys_users` VALUES (902, '江麗欣', 'b47gOkYyH6', NULL, 'klaiyan413@icloud.com', '5952 891810', 0, '2004-06-22 03:46:31', '2019-02-12 19:42:49', 0);
INSERT INTO `yx_sys_users` VALUES (903, '森田翼', 'hJXDxUrm4Q', NULL, 'morittsub5@gmail.com', '90-8930-1999', 1, '2013-09-14 16:36:55', '2010-05-19 22:44:17', 1);
INSERT INTO `yx_sys_users` VALUES (904, '今井彩乃', 'ZFq1VNe0Xk', NULL, 'aim@outlook.com', '66-414-1950', 1, '2018-02-22 23:30:35', '2004-05-22 06:18:54', 0);
INSERT INTO `yx_sys_users` VALUES (905, '王詠詩', 'xOxuzCi32w', NULL, 'wswong412@gmail.com', '838-393-2658', 1, '2017-03-24 17:53:47', '2008-08-28 07:30:52', 1);
INSERT INTO `yx_sys_users` VALUES (906, '陶裕玲', 'SKeJemKxYp', NULL, 'yulingta7@icloud.com', '5146 029554', 1, '2009-07-02 09:27:19', '2007-08-10 00:17:37', 0);
INSERT INTO `yx_sys_users` VALUES (907, '藤田桜', 'kf5OvDIF47', NULL, 'sakufujita2@gmail.com', '172-2442-0927', 1, '2000-09-21 03:12:36', '2004-05-05 18:17:57', 1);
INSERT INTO `yx_sys_users` VALUES (908, '應安琪', 'LfMvSrLcaC', NULL, 'onkayy1@gmail.com', '7255 751060', 0, '2011-03-12 15:53:28', '2021-04-23 17:52:35', 1);
INSERT INTO `yx_sys_users` VALUES (909, '山口桜', 'wKdGTHTG9y', NULL, 'sakuy@icloud.com', '212-895-8667', 0, '2007-05-14 15:50:29', '2003-03-05 21:51:47', 1);
INSERT INTO `yx_sys_users` VALUES (910, '翁杰倫', 'wQgC7jcpBU', NULL, 'clyung128@icloud.com', '130-5252-6675', 0, '2012-08-16 19:30:55', '2014-05-23 23:27:29', 1);
INSERT INTO `yx_sys_users` VALUES (911, '小野紗良', 'MUSJJy31QU', NULL, 'sara2@hotmail.com', '90-5178-9978', 1, '2021-11-16 18:59:15', '2021-03-22 17:26:12', 1);
INSERT INTO `yx_sys_users` VALUES (912, '羅嘉欣', 'rm5gbN7MgT', NULL, 'kyl@icloud.com', '70-9311-7438', 1, '2020-08-25 04:03:14', '2003-10-10 06:56:08', 0);
INSERT INTO `yx_sys_users` VALUES (913, '佘浩然', '0ME8jqNe0W', NULL, 'hysheh@gmail.com', '755-4241-5370', 0, '2018-09-26 16:39:51', '2004-10-01 18:55:28', 0);
INSERT INTO `yx_sys_users` VALUES (914, '原花', '0xSUp15o9V', NULL, 'hhana@outlook.com', '7616 474663', 1, '2004-11-09 11:30:30', '2010-12-11 23:25:01', 0);
INSERT INTO `yx_sys_users` VALUES (915, '平野大輔', 'yNPkSYwnSO', NULL, 'hid@gmail.com', '90-7506-1550', 1, '2022-05-08 19:57:38', '2021-04-25 19:59:33', 1);
INSERT INTO `yx_sys_users` VALUES (916, '杉山百花', 'fSLCiWFuvY', NULL, 'momoka9@gmail.com', '330-082-8797', 1, '2017-04-12 06:10:01', '2011-02-04 16:00:46', 0);
INSERT INTO `yx_sys_users` VALUES (917, '官頴璇', 'wlneXSrByP', NULL, 'kows@hotmail.com', '52-647-0935', 1, '2007-11-02 14:51:34', '2005-08-02 10:03:05', 0);
INSERT INTO `yx_sys_users` VALUES (918, '中山大地', '2jwnBa9j4C', NULL, 'nakayama1971@gmail.com', '718-029-7194', 0, '2012-07-28 19:13:33', '2021-01-26 09:44:09', 0);
INSERT INTO `yx_sys_users` VALUES (919, '増田美緒', 'HgKfv3DoXj', NULL, 'mima5@gmail.com', '760-304-4398', 0, '2007-03-03 23:23:28', '2010-03-16 04:39:23', 0);
INSERT INTO `yx_sys_users` VALUES (920, '陶慧琳', 'o1qrk8ptwt', NULL, 'twailam206@gmail.com', '172-4680-3360', 0, '2011-10-09 11:25:36', '2006-12-13 14:16:01', 0);
INSERT INTO `yx_sys_users` VALUES (921, '有村凛', 'Gwzoj0R2Br', NULL, 'riarimura@outlook.com', '(20) 6097 0475', 0, '2010-12-21 02:05:20', '2021-08-13 04:08:02', 1);
INSERT INTO `yx_sys_users` VALUES (922, '鐘慧琳', 'Lj2NmyFlOZ', NULL, 'wailam1@mail.com', '70-5867-8353', 0, '2006-12-06 00:26:18', '2010-05-18 14:24:25', 0);
INSERT INTO `yx_sys_users` VALUES (923, '増田花', '2mz8bjqTBs', NULL, 'mahana2019@icloud.com', '330-488-8762', 0, '2007-03-07 12:06:11', '2010-12-10 16:25:28', 0);
INSERT INTO `yx_sys_users` VALUES (924, '近藤拓哉', '4RqkpxdmV5', NULL, 'takuyakond9@gmail.com', '80-5958-9022', 0, '2002-08-06 23:41:04', '2015-06-19 14:47:23', 0);
INSERT INTO `yx_sys_users` VALUES (925, '三浦花', '5IeHyD36N6', NULL, 'hana10@icloud.com', '20-3874-7778', 0, '2013-12-13 10:41:33', '2008-10-18 21:56:17', 1);
INSERT INTO `yx_sys_users` VALUES (926, '鈴木百花', 'NSd2JxVxSw', NULL, 'suzukimomo@yahoo.com', '3-5736-3863', 0, '2017-01-13 01:58:46', '2004-08-24 03:32:38', 0);
INSERT INTO `yx_sys_users` VALUES (927, '横山海斗', 'knemhOoqMS', NULL, 'kaitoyok@outlook.com', '11-556-6186', 0, '2005-06-14 21:22:17', '2002-12-12 11:41:31', 0);
INSERT INTO `yx_sys_users` VALUES (928, '中川百花', 'DMYQibBoYv', NULL, 'momokanaka@hotmail.com', '(151) 483 3835', 1, '2016-01-03 10:12:56', '2000-10-06 03:30:57', 1);
INSERT INTO `yx_sys_users` VALUES (929, '戴仲賢', 'm4cqKpyw9E', NULL, 'chungyindai@icloud.com', '132-4309-7684', 0, '2023-09-04 23:34:36', '2004-08-27 23:37:41', 1);
INSERT INTO `yx_sys_users` VALUES (930, '有村舞', '7bzbkis273', NULL, 'amai@mail.com', '28-549-9511', 0, '2010-04-01 17:07:10', '2021-05-10 12:59:53', 1);
INSERT INTO `yx_sys_users` VALUES (931, '高木大輔', '1ZHO5DwYgz', NULL, 'takdaisuke3@hotmail.com', '90-9150-6302', 0, '2018-08-13 09:33:34', '2004-08-20 09:20:01', 1);
INSERT INTO `yx_sys_users` VALUES (932, '藤井明菜', 'xuXVHmxynD', NULL, 'faki@yahoo.com', '70-9632-0965', 0, '2022-01-12 00:50:33', '2013-11-16 23:21:36', 0);
INSERT INTO `yx_sys_users` VALUES (933, '遠藤凛', 'gVVvVCN0lT', NULL, 'rendo@gmail.com', '(151) 418 9682', 1, '2017-01-10 18:58:59', '2022-07-28 20:36:40', 1);
INSERT INTO `yx_sys_users` VALUES (934, '柴田大地', '9fwJABqnlH', NULL, 'ds4@icloud.com', '7674 103501', 1, '2007-10-13 02:21:36', '2022-08-22 06:23:29', 1);
INSERT INTO `yx_sys_users` VALUES (935, '李詠詩', 'vFl6mPsttS', NULL, 'wslee@mail.com', '(1223) 66 5208', 1, '2002-09-11 09:50:03', '2004-04-15 14:27:51', 1);
INSERT INTO `yx_sys_users` VALUES (936, '山口瑛太', 'nRBOLjTZ91', NULL, 'yamaeita@yahoo.com', '212-994-0428', 1, '2014-12-21 08:07:41', '2001-08-15 08:56:04', 1);
INSERT INTO `yx_sys_users` VALUES (937, '金子涼太', '2M1VVVCEBf', NULL, 'ryotakaneko@hotmail.com', '7563 210887', 0, '2021-01-06 16:13:54', '2011-08-15 18:42:19', 1);
INSERT INTO `yx_sys_users` VALUES (938, '姚慧琳', 'rpsTWBZ6Yd', NULL, 'yewaila@icloud.com', '213-732-7081', 0, '2008-02-14 13:26:18', '2018-11-18 03:21:30', 0);
INSERT INTO `yx_sys_users` VALUES (939, '韓國明', 'k4u30s2aqR', NULL, 'kwokming125@yahoo.com', '5483 874333', 1, '2018-03-01 16:31:35', '2010-07-20 02:23:39', 0);
INSERT INTO `yx_sys_users` VALUES (940, '樊淑怡', 'uscYshPDb6', NULL, 'fansu@outlook.com', '5011 188754', 1, '2008-02-23 16:01:25', '2023-12-04 05:21:58', 1);
INSERT INTO `yx_sys_users` VALUES (941, '崔霆鋒', 'D0zQrzWTkd', NULL, 'ctingfung1102@gmail.com', '(151) 177 5183', 0, '2023-05-25 22:37:45', '2018-02-10 03:21:12', 1);
INSERT INTO `yx_sys_users` VALUES (942, '馮淑怡', 'acbN9qFQYU', NULL, 'funsy1130@icloud.com', '70-8510-1599', 1, '2021-04-18 13:45:38', '2018-08-05 04:00:12', 1);
INSERT INTO `yx_sys_users` VALUES (943, '顧國賢', '2yAGpUrxhU', NULL, 'kukwok@yahoo.com', '(151) 557 5395', 0, '2013-02-26 19:03:51', '2017-04-07 07:48:34', 0);
INSERT INTO `yx_sys_users` VALUES (944, '田村百恵', 'IY1XIG7kPC', NULL, 'tmomoe41@hotmail.com', '7195 143514', 0, '2001-02-04 05:26:44', '2004-03-24 13:10:36', 1);
INSERT INTO `yx_sys_users` VALUES (945, '谷慧琳', '7UhCK9bzzz', NULL, 'wailamkoo6@outlook.com', '838-876-6793', 0, '2015-08-09 06:01:41', '2007-04-13 12:52:08', 1);
INSERT INTO `yx_sys_users` VALUES (946, '竹内拓哉', 'p3bxunCcxL', NULL, 'takuya1@icloud.com', '838-133-5209', 1, '2005-07-07 02:37:47', '2008-09-05 19:13:16', 0);
INSERT INTO `yx_sys_users` VALUES (947, '許浩然', 'AUiLqzyQxI', NULL, 'hyhui@gmail.com', '330-020-0727', 0, '2002-09-28 19:45:12', '2021-06-04 10:55:53', 0);
INSERT INTO `yx_sys_users` VALUES (948, '葉天樂', 'oi5uh7VE6G', NULL, 'yitinlok@mail.com', '(161) 460 8063', 0, '2008-07-19 22:33:58', '2023-06-20 15:06:19', 0);
INSERT INTO `yx_sys_users` VALUES (949, '市川光莉', 'Ypl2d4xsUo', NULL, 'ichikari@icloud.com', '3-2964-6538', 0, '2014-03-20 12:45:30', '2018-05-21 00:39:37', 0);
INSERT INTO `yx_sys_users` VALUES (950, '増田和真', 'qDBfRF2swQ', NULL, 'kazuma10@hotmail.com', '3-1384-7594', 0, '2007-06-24 16:29:15', '2014-02-04 14:09:10', 1);
INSERT INTO `yx_sys_users` VALUES (951, '高橋美月', 'nIRQvn03Qj', NULL, 'mitstaka1114@hotmail.com', '52-564-8010', 0, '2005-04-29 10:37:42', '2012-11-06 01:23:00', 0);
INSERT INTO `yx_sys_users` VALUES (952, '翁富城', '3UR7P0issH', NULL, 'yungfs@gmail.com', '312-154-8356', 1, '2004-02-01 17:23:29', '2011-08-13 13:18:24', 1);
INSERT INTO `yx_sys_users` VALUES (953, '谷安琪', 'VN1hXrjebD', NULL, 'onkay16@mail.com', '7149 852042', 0, '2014-03-01 19:53:05', '2004-01-23 18:27:03', 0);
INSERT INTO `yx_sys_users` VALUES (954, '福田湊', 'v2IBOstanh', NULL, 'fukudamin@outlook.com', '90-9859-2675', 0, '2000-01-09 22:10:32', '2006-01-20 00:02:07', 1);
INSERT INTO `yx_sys_users` VALUES (955, '上野美羽', 'LwoX5q4hEl', NULL, 'mu612@gmail.com', '212-477-3166', 1, '2015-03-11 00:42:03', '2005-10-01 09:24:42', 0);
INSERT INTO `yx_sys_users` VALUES (956, '苗思妤', 'ur67xbWIDv', NULL, 'szeyumiu98@hotmail.com', '838-433-7822', 1, '2017-02-19 21:31:50', '2002-04-27 13:01:32', 0);
INSERT INTO `yx_sys_users` VALUES (957, '森大地', 'xqW9sqZK7m', NULL, 'daichi1215@outlook.com', '70-1906-5504', 0, '2009-09-23 23:40:30', '2018-09-07 18:11:31', 0);
INSERT INTO `yx_sys_users` VALUES (958, '黎心穎', 'XgwuQYJIod', NULL, 'laisw908@yahoo.com', '176-2677-7403', 0, '2019-08-03 22:38:58', '2003-12-10 21:04:32', 1);
INSERT INTO `yx_sys_users` VALUES (959, '有村凛', 'Puy2uPqBVr', NULL, 'riarimura17@outlook.com', '74-841-2848', 1, '2001-03-25 23:54:44', '2003-10-13 16:49:14', 1);
INSERT INTO `yx_sys_users` VALUES (960, '橋本和真', 'bksWXKP5if', NULL, 'hashikazuma@hotmail.com', '28-273-7689', 0, '2021-10-05 23:22:56', '2019-01-27 03:31:49', 1);
INSERT INTO `yx_sys_users` VALUES (961, '湯發', 'WTBtMbvsck', NULL, 'tongfat10@gmail.com', '(20) 1816 4686', 1, '2024-02-19 05:24:49', '2023-08-25 02:12:00', 1);
INSERT INTO `yx_sys_users` VALUES (962, '平野瑛太', 'Q44jbkkgWm', NULL, 'eithirano518@outlook.com', '66-891-4555', 1, '2007-01-14 18:07:05', '2017-10-16 10:52:08', 1);
INSERT INTO `yx_sys_users` VALUES (963, '内田葵', 'DBm3d2sB8q', NULL, 'aoiuchida827@gmail.com', '(1223) 80 1367', 1, '2020-01-30 03:46:11', '2015-11-30 14:20:00', 1);
INSERT INTO `yx_sys_users` VALUES (964, '石田蓮', 'BS0ip63VZA', NULL, 'reishid@icloud.com', '80-1445-5389', 0, '2002-05-06 15:30:09', '2005-12-11 18:16:05', 1);
INSERT INTO `yx_sys_users` VALUES (965, '安藤美月', 'BIchbnCIM1', NULL, 'amitsuki@yahoo.com', '312-583-2464', 1, '2005-01-28 12:36:16', '2019-05-03 12:53:48', 1);
INSERT INTO `yx_sys_users` VALUES (966, '丸山百花', 'dRy67DJq5S', NULL, 'maruyamamo@gmail.com', '614-684-9963', 0, '2018-08-07 16:48:00', '2021-08-15 15:36:46', 1);
INSERT INTO `yx_sys_users` VALUES (967, '桜井彩乃', 'TEMxQvlEbZ', NULL, 'ayanosakur@hotmail.com', '90-6750-3287', 0, '2010-09-14 04:30:39', '2003-03-26 11:53:32', 1);
INSERT INTO `yx_sys_users` VALUES (968, '小川光', 'wlPM55kBuV', NULL, 'ohi1972@mail.com', '(121) 390 1941', 0, '2013-08-29 03:45:41', '2016-10-28 13:32:41', 1);
INSERT INTO `yx_sys_users` VALUES (969, '斎藤陽菜', 'HTvVdTOsZR', NULL, 'saito8@yahoo.com', '213-496-8466', 0, '2021-10-11 02:02:07', '2016-03-29 20:27:51', 1);
INSERT INTO `yx_sys_users` VALUES (970, '餘慧儀', 'ageS48AHTh', NULL, 'wyy68@icloud.com', '330-500-3894', 0, '2022-07-22 03:26:01', '2017-05-17 09:54:29', 1);
INSERT INTO `yx_sys_users` VALUES (971, '楊頴璇', '9qgzC949Aw', NULL, 'yeungwingsuen2004@outlook.com', '(151) 777 8556', 0, '2019-03-09 23:02:27', '2006-06-23 05:41:32', 0);
INSERT INTO `yx_sys_users` VALUES (972, '江永權', 'XvBPuTMaTX', NULL, 'kong629@icloud.com', '5040 243180', 0, '2013-10-27 05:48:46', '2004-10-01 22:49:06', 1);
INSERT INTO `yx_sys_users` VALUES (973, '中森愛梨', 'FGP0cIHzVK', NULL, 'nakamori7@gmail.com', '5338 713460', 0, '2000-06-08 17:05:11', '2005-03-31 15:58:45', 0);
INSERT INTO `yx_sys_users` VALUES (974, '高木樹', 'eTwnm9Tagv', NULL, 'takagitsuki@hotmail.com', '614-887-1810', 1, '2007-12-07 09:04:58', '2005-10-19 22:40:03', 1);
INSERT INTO `yx_sys_users` VALUES (975, '宮本絢斗', 'BCIfhsAlrz', NULL, 'miyamotoay@icloud.com', '74-688-1340', 0, '2022-03-13 09:59:56', '2016-06-13 09:45:32', 1);
INSERT INTO `yx_sys_users` VALUES (976, '劉永權', 'gj3bC350bY', NULL, 'wingkuenlau10@outlook.com', '197-2619-8101', 1, '2009-11-25 01:31:22', '2020-08-01 01:27:11', 0);
INSERT INTO `yx_sys_users` VALUES (977, '田仲賢', 'ErKDhWUmd3', NULL, 'chungyin10@outlook.com', '52-157-1112', 1, '2011-07-09 14:07:08', '2021-07-14 21:57:45', 1);
INSERT INTO `yx_sys_users` VALUES (978, '雷嘉欣', 'v7OPk8Wikf', NULL, 'kylo308@mail.com', '90-9257-6311', 0, '2012-11-15 08:23:31', '2024-02-14 07:20:32', 0);
INSERT INTO `yx_sys_users` VALUES (979, '梅慧敏', 'gbFKPoKKQZ', NULL, 'wmmu7@hotmail.com', '(161) 914 9980', 1, '2007-10-03 16:23:08', '2019-06-20 17:37:57', 0);
INSERT INTO `yx_sys_users` VALUES (980, '崔曉彤', 'ZD6zthP7tC', NULL, 'choi99@icloud.com', '7261 416348', 1, '2010-05-27 22:34:49', '2020-02-06 02:49:22', 0);
INSERT INTO `yx_sys_users` VALUES (981, '宣永權', 'p57oszs4Lv', NULL, 'wingkuenhsuan@gmail.com', '21-046-4020', 1, '2008-09-13 20:23:30', '2019-07-09 09:24:00', 0);
INSERT INTO `yx_sys_users` VALUES (982, '市川大地', 'EkZbwsBlBV', NULL, 'daichi1130@gmail.com', '21-533-1568', 1, '2001-09-03 23:38:25', '2015-02-05 10:44:50', 1);
INSERT INTO `yx_sys_users` VALUES (983, '谷口拓哉', 'JRirUzt5nx', NULL, 'takuya7@gmail.com', '66-354-9591', 1, '2021-07-05 00:28:58', '2017-10-14 21:44:13', 1);
INSERT INTO `yx_sys_users` VALUES (984, '駱曉彤', 'OXZqInC6t5', NULL, 'hiutungl@icloud.com', '5682 936579', 1, '2023-03-04 22:42:34', '2016-03-16 21:04:00', 0);
INSERT INTO `yx_sys_users` VALUES (985, '呂德華', 'ctH39c8VP5', NULL, 'luitakwah@outlook.com', '(116) 824 2423', 1, '2006-03-29 23:59:47', '2015-09-15 23:29:59', 0);
INSERT INTO `yx_sys_users` VALUES (986, '杉山陸', 'YD9iHXnoLd', NULL, 'riku05@gmail.com', '760-783-3722', 0, '2011-05-28 01:30:04', '2018-02-28 20:44:55', 0);
INSERT INTO `yx_sys_users` VALUES (987, '劉安娜', 'Vp8FXfOC8i', NULL, 'lon702@gmail.com', '(161) 905 6952', 1, '2006-04-12 02:51:16', '2021-02-24 18:53:31', 1);
INSERT INTO `yx_sys_users` VALUES (988, '菅原花', 'isxRYIfODo', NULL, 'hanasugawara326@hotmail.com', '74-971-1623', 0, '2020-03-24 16:02:18', '2000-12-14 02:56:30', 0);
INSERT INTO `yx_sys_users` VALUES (989, '石川海斗', '2KPpLTuinE', NULL, 'kaito726@mail.com', '172-7026-3891', 1, '2013-03-15 13:17:33', '2014-02-08 22:46:48', 0);
INSERT INTO `yx_sys_users` VALUES (990, '周志明', 'fcAvcXltl0', NULL, 'chcm@icloud.com', '90-2642-1359', 1, '2011-07-16 09:47:39', '2011-11-30 15:45:49', 1);
INSERT INTO `yx_sys_users` VALUES (991, '黎富城', 'ycqSfTnCzh', NULL, 'laifushing5@icloud.com', '213-762-3709', 0, '2010-06-16 12:31:19', '2020-01-14 00:57:43', 0);
INSERT INTO `yx_sys_users` VALUES (992, '松田桜', '3EUQzrcUds', NULL, 'sakura79@icloud.com', '11-472-5426', 0, '2019-06-20 15:03:06', '2009-09-27 17:20:39', 0);
INSERT INTO `yx_sys_users` VALUES (993, '伊藤光', 'd3b7TzG2JJ', NULL, 'ithika@outlook.com', '70-2953-7142', 1, '2006-01-11 22:57:14', '2009-01-10 15:08:28', 0);
INSERT INTO `yx_sys_users` VALUES (994, '湯小慧', 'vcXTHpo6Nk', NULL, 'siuwai408@icloud.com', '718-817-1447', 0, '2003-03-20 03:17:36', '2000-10-29 19:48:12', 0);
INSERT INTO `yx_sys_users` VALUES (995, '西村蒼士', '4YT4RUzbkq', NULL, 'aoshnishimura@gmail.com', '139-1100-1852', 0, '2000-01-10 10:14:27', '2000-07-04 08:31:27', 0);
INSERT INTO `yx_sys_users` VALUES (996, '蘇惠敏', 'dbGU3rcXzc', NULL, 'sowm@gmail.com', '312-000-8485', 1, '2014-04-18 01:29:33', '2013-02-02 03:06:47', 1);
INSERT INTO `yx_sys_users` VALUES (997, '伍世榮', 'NEv8vrXpNj', NULL, 'saiwing87@gmail.com', '70-5921-7338', 0, '2020-04-01 22:24:34', '2008-10-28 13:31:23', 1);
INSERT INTO `yx_sys_users` VALUES (998, '山下聖子', 'Qc3I97YOpu', NULL, 'yas@yahoo.com', '330-195-0158', 0, '2002-04-21 17:35:18', '2009-04-12 16:00:06', 1);
INSERT INTO `yx_sys_users` VALUES (999, '千葉翼', 'CmrzGy2wDa', NULL, 'chiba1@gmail.com', '157-8083-9267', 1, '2003-09-14 22:47:27', '2016-03-24 23:24:40', 1);
INSERT INTO `yx_sys_users` VALUES (1000, '新井蒼士', 'e2TngWVav9', NULL, 'araiaoshi@gmail.com', '52-107-7743', 0, '2003-06-21 06:37:13', '2010-11-20 11:45:43', 0);
INSERT INTO `yx_sys_users` VALUES (1001, '關思妤', 'PdC6o43HF4', NULL, 'szeyuk@yahoo.com', '156-8030-2770', 1, '2012-10-18 03:23:44', '2019-08-13 14:13:27', 0);
INSERT INTO `yx_sys_users` VALUES (1002, '孫淑怡', 'dKAo9zlqi3', NULL, 'hsuansukyee@yahoo.com', '330-591-0260', 1, '2003-07-14 13:11:15', '2022-11-26 18:13:21', 0);
INSERT INTO `yx_sys_users` VALUES (1003, '上田拓哉', 'k6GHJu28Lz', NULL, 'uedatakuya@mail.com', '52-316-0510', 1, '2008-09-25 13:13:58', '2006-07-25 13:46:19', 0);
INSERT INTO `yx_sys_users` VALUES (1004, '杜國榮', 'JlKJ8LYFhN', NULL, 'kwto@gmail.com', '70-3306-5984', 1, '2016-11-03 23:44:45', '2013-06-08 21:01:34', 0);
INSERT INTO `yx_sys_users` VALUES (1005, '馮家文', 'FFEGsuT9dz', NULL, 'fung6@gmail.com', '137-0054-6632', 1, '2002-04-16 02:16:04', '2007-03-08 06:12:04', 0);
INSERT INTO `yx_sys_users` VALUES (1006, '崔家明', 'KQOvxe8Tn8', NULL, 'ckaming@icloud.com', '74-913-1807', 1, '2022-05-06 16:39:44', '2010-12-19 02:17:15', 0);
INSERT INTO `yx_sys_users` VALUES (1007, '青木海斗', 'BER3daBLD3', NULL, 'kaiaok@icloud.com', '28-5523-5675', 1, '2022-02-13 02:41:11', '2004-01-03 16:49:36', 0);
INSERT INTO `yx_sys_users` VALUES (1008, '戴學友', 'jmEasL9W8U', NULL, 'hyda44@mail.com', '10-4851-7037', 0, '2017-08-04 06:19:02', '2005-09-09 01:19:28', 0);
INSERT INTO `yx_sys_users` VALUES (1009, '中山美緒', 'YmmyPQvpdo', NULL, 'nakamio4@gmail.com', '80-0965-8972', 1, '2015-09-14 15:41:02', '2007-12-20 23:29:51', 0);

SET FOREIGN_KEY_CHECKS = 1;
